-- phpMyAdmin SQL Dump
-- version 5.2.1
-- https://www.phpmyadmin.net/
--
-- Host: 127.0.0.1
-- Waktu pembuatan: 26 Jan 2026 pada 21.51
-- Versi server: 10.4.32-MariaDB
-- Versi PHP: 8.2.12

SET SQL_MODE = "NO_AUTO_VALUE_ON_ZERO";
START TRANSACTION;
SET time_zone = "+00:00";


/*!40101 SET @OLD_CHARACTER_SET_CLIENT=@@CHARACTER_SET_CLIENT */;
/*!40101 SET @OLD_CHARACTER_SET_RESULTS=@@CHARACTER_SET_RESULTS */;
/*!40101 SET @OLD_COLLATION_CONNECTION=@@COLLATION_CONNECTION */;
/*!40101 SET NAMES utf8mb4 */;

--
-- Database: `laziswaf`
--

-- --------------------------------------------------------

--
-- Struktur dari tabel `auth_roles`
--

CREATE TABLE `auth_roles` (
  `id` int(10) UNSIGNED NOT NULL,
  `code` varchar(30) NOT NULL,
  `name` varchar(80) NOT NULL
) ENGINE=InnoDB DEFAULT CHARSET=utf8mb4 COLLATE=utf8mb4_general_ci;

--
-- Dumping data untuk tabel `auth_roles`
--

INSERT INTO `auth_roles` (`id`, `code`, `name`) VALUES
(1, 'ADMIN', 'Administrator'),
(2, 'BENDAHARA', 'Bendahara Pusat'),
(3, 'CABANG', 'User Cabang');

-- --------------------------------------------------------

--
-- Struktur dari tabel `auth_users`
--

CREATE TABLE `auth_users` (
  `id` int(10) UNSIGNED NOT NULL,
  `username` varchar(50) NOT NULL,
  `password_hash` varchar(255) NOT NULL,
  `full_name` varchar(120) NOT NULL,
  `phone` varchar(30) DEFAULT NULL,
  `email` varchar(120) DEFAULT NULL,
  `branch_id` int(10) UNSIGNED DEFAULT NULL,
  `is_active` tinyint(1) NOT NULL DEFAULT 1,
  `last_login_at` datetime DEFAULT NULL,
  `created_at` datetime NOT NULL DEFAULT current_timestamp(),
  `updated_at` datetime DEFAULT NULL ON UPDATE current_timestamp()
) ENGINE=InnoDB DEFAULT CHARSET=utf8mb4 COLLATE=utf8mb4_general_ci;

--
-- Dumping data untuk tabel `auth_users`
--

INSERT INTO `auth_users` (`id`, `username`, `password_hash`, `full_name`, `phone`, `email`, `branch_id`, `is_active`, `last_login_at`, `created_at`, `updated_at`) VALUES
(1, 'opikadmin', '$2y$10$78lumo4uAONPNfO3ZULJMOHsyZyAzErWOEt0IeZAqBPCOvaQ3HXZy', 'Muhammad Ainnur Rofiq Admin', '0895383303262', 'mainnurr@gmail.com', 2, 1, '2026-01-26 21:29:41', '2026-01-21 04:47:05', '2026-01-27 03:29:41'),
(4, 'MASJID/MUSHOLLAH 01', '$2y$10$XDbXBYAAyrO.gV8Z1JKd9uKyidbIrYwt.fI5WnxL9y7CMLU5ucUum', 'Masjid Attaqwa', '62895383303262', NULL, 3, 1, '2026-01-21 03:10:26', '2026-01-21 09:09:29', '2026-01-21 09:10:26'),
(5, 'MASJID/MUSHOLLAH 02', '$2y$10$OKa45.3cY33r74SwbVYmgODuCDSfosjfVoU7.XvRNARI4d0R9Vj9W', 'Masjid Ghoiru Jami An Nur', '62895383303262', NULL, 4, 1, NULL, '2026-01-21 09:09:29', '2026-01-21 09:09:29'),
(6, 'MASJID/MUSHOLLAH 03', '$2y$10$N8qL4Sa2e7TkMvhHdJe83ukzTVuM.GSh6ox4YLpXyBNFC9XqjBpvy', 'Masjid Jami Al Barokah', '62895383303262', NULL, 5, 1, NULL, '2026-01-21 09:09:29', '2026-01-21 09:09:29'),
(7, 'MASJID/MUSHOLLAH 04', '$2y$10$BrfXgNbF4O8BLawAPmgHSO3dLA2G0hVNqd/U3nJf6TBgFuPpakxjK', 'Masjid Jami Al Hidayah', '62895383303262', NULL, 6, 1, NULL, '2026-01-21 09:09:29', '2026-01-21 09:09:29'),
(8, 'MASJID/MUSHOLLAH 05', '$2y$10$9iLV/pTyjbdrn3JpQyIMRutGnp7rZYlo4HzwhDlpEVERWRycSU176', 'Masjid Jami Al Huda', '62895383303262', NULL, 7, 1, NULL, '2026-01-21 09:09:29', '2026-01-21 09:09:29'),
(9, 'MASJID/MUSHOLLAH 06', '$2y$10$Hi6u45aL7NhwgIUztERs0eJwEVtdnjSlqBsgye77du/dQYVVwZyau', 'Masjid Jami Al Husein', '62895383303262', NULL, 8, 1, NULL, '2026-01-21 09:09:29', '2026-01-21 09:09:29'),
(10, 'MASJID/MUSHOLLAH 07', '$2y$10$0WlyMw3ZalcHTiP9d6X0M.R8qrX4s7l7Koxnh2SfrqU/zVDc.h5bm', 'Masjid Jami Al Ikhlash', '62895383303262', NULL, 9, 1, NULL, '2026-01-21 09:09:29', '2026-01-21 09:09:29'),
(11, 'MASJID/MUSHOLLAH 08', '$2y$10$nnD8shbFjDpuaXKwH47laOeXXk0OFiauJS0AY.0QuUTfc5Aq9d2Ya', 'Masjid Jami Al Mabrur', '62895383303262', NULL, 10, 1, NULL, '2026-01-21 09:09:29', '2026-01-21 09:09:29'),
(12, 'MASJID/MUSHOLLAH 09', '$2y$10$jhOuIo4KmIJ3NDNukE0zA.chsJLN.ps3yVU7shoTxwFwHYSTnhQPC', 'Masjid Jami Al Madinah', '62895383303262', NULL, 11, 1, NULL, '2026-01-21 09:09:29', '2026-01-21 09:09:29'),
(13, 'MASJID/MUSHOLLAH 10', '$2y$10$N5.KbOzXIP1ExSqNuZpSFe9rVTOi9qE.0CO4n3UKCbzx1m428fpNK', 'Masjid Jami Ar Ridhwan', '62895383303262', NULL, 12, 1, NULL, '2026-01-21 09:09:29', '2026-01-21 09:09:29'),
(14, 'MASJID/MUSHOLLAH 11', '$2y$10$9pqi.wbv3aA1EUqEVRECOOweIBppP9IQ1R4ZHfx5w8LmspPsGhqO6', 'Masjid Jami Ar Rohmah', '62895383303262', NULL, 13, 1, NULL, '2026-01-21 09:09:29', '2026-01-21 09:09:29'),
(15, 'MASJID/MUSHOLLAH 12', '$2y$10$HV1cN3dS0I0ddQqNSKaLAuxKWIvX0/7gbMyV9w78Ltv9vwLYt52Sa', 'Masjid Jami At Taufiq', '62895383303262', NULL, 14, 1, NULL, '2026-01-21 09:09:29', '2026-01-21 09:09:29'),
(16, 'MASJID/MUSHOLLAH 13', '$2y$10$5d5um8kYjx/Ixxbtwnk8XOCDGcPpYDSAMy5EXMhtavf6FED8Eu4mO', 'Masjid Jami Roudhotul Hidayah', '62895383303262', NULL, 15, 1, NULL, '2026-01-21 09:09:29', '2026-01-21 09:09:29'),
(17, 'MASJID/MUSHOLLAH 14', '$2y$10$yvMWYOb/wfpxQZ53dQcin.kfaKWj7e1HgCFCRkyFSkmT73fzLAQuO', 'Musholla Adz Dzikro', '62895383303262', NULL, 16, 1, NULL, '2026-01-21 09:09:29', '2026-01-21 09:09:29'),
(18, 'MASJID/MUSHOLLAH 15', '$2y$10$8Zzw7ajB.AIIC11RFXiAF.lDSn8ZkouHJN.pgI3NlNZRyKeOmFgPi', 'Musholla Al Amin', '62895383303262', NULL, 17, 1, NULL, '2026-01-21 09:09:29', '2026-01-21 09:09:29'),
(19, 'MASJID/MUSHOLLAH 16', '$2y$10$82XnWZSjQfyyC4ke4Oy6OelytOBxUqHHsYNi6HC2TY2iEOaKdVuPG', 'Musholla Al Awwabin', '62895383303262', NULL, 18, 1, NULL, '2026-01-21 09:09:29', '2026-01-21 09:09:29'),
(20, 'MASJID/MUSHOLLAH 17', '$2y$10$47pryBNrJ00R/xNCzJ2ahOStFOXsnfPc2LYkpCTMlj1oMUWv6Dsg.', 'Musholla Al Barkah', '62895383303262', NULL, 19, 1, NULL, '2026-01-21 09:09:29', '2026-01-21 09:09:29'),
(21, 'MASJID/MUSHOLLAH 18', '$2y$10$Y5WIuZ8Yz5tHRBJZ1oL3..wj5/HuMFe1ORFvrvCIbJZ2PKd3Uw8Wu', 'Musholla Al Fatih', '62895383303262', NULL, 20, 1, NULL, '2026-01-21 09:09:29', '2026-01-21 09:09:29'),
(22, 'MASJID/MUSHOLLAH 19', '$2y$10$kpEKJUujMzOAEKT.jQrPEOz2Q1s8drVyFPbXyarkCe8Z1JIX2ZrXK', 'Musholla Al Fitrah', '62895383303262', NULL, 21, 1, NULL, '2026-01-21 09:09:29', '2026-01-21 09:09:29'),
(23, 'MASJID/MUSHOLLAH 20', '$2y$10$Jciku5Pzxt6LeIQyryATiOUZgTeMAmZUqHoiZgqIMIOJ6xPATr9yC', 'Musholla Al Furqon', '62895383303262', NULL, 22, 1, NULL, '2026-01-21 09:09:29', '2026-01-21 09:09:29'),
(24, 'MASJID/MUSHOLLAH 21', '$2y$10$PsEVp6CZhNH7goyTcCOh6ujA92fKlhpvnlMRWZyem4AtWMpEGY0yO', 'Musholla Al Ghufron', '62895383303262', NULL, 23, 1, NULL, '2026-01-21 09:09:29', '2026-01-21 09:09:29'),
(25, 'MASJID/MUSHOLLAH 22', '$2y$10$/nFybdRxsiXSJ2AdrWbxpei3SvbynulAVh1fjoDRhTm.F71ymrQc2', 'Musholla Al Hijrah', '62895383303262', NULL, 24, 1, NULL, '2026-01-21 09:09:29', '2026-01-21 09:09:29'),
(26, 'MASJID/MUSHOLLAH 23', '$2y$10$98wUwF6xSx35MX.MSPM0CuXrDsOnINuHAamm0KcYf09JYHDph0PSO', 'Musholla Al Hikmah', '62895383303262', NULL, 25, 1, NULL, '2026-01-21 09:09:29', '2026-01-21 09:09:29'),
(27, 'MASJID/MUSHOLLAH 24', '$2y$10$1dU1yY5XL1pVffxMMWnbmunwAQmP5Zd650dyb4mXilmGe6qpfTDze', 'Musholla Al Ihsan', '62895383303262', NULL, 26, 1, NULL, '2026-01-21 09:09:29', '2026-01-21 09:09:29'),
(28, 'MASJID/MUSHOLLAH 25', '$2y$10$/ovG2KZ3pGeDXswnj5JvTeG0dfAEKX4aTeQ5KC38lLMP2iVW81cpm', 'Musholla Al Ikhlas VGH', '62895383303262', NULL, 27, 1, NULL, '2026-01-21 09:09:29', '2026-01-21 09:09:29'),
(29, 'MASJID/MUSHOLLAH 26', '$2y$10$R9eLasXyPsdUNdz9iUcdieXaonukQVIBc0DY4pcySRHQhAd6wlL5K', 'Musholla Al Ikhwan', '62895383303262', NULL, 28, 1, NULL, '2026-01-21 09:09:29', '2026-01-21 09:09:29'),
(30, 'MASJID/MUSHOLLAH 27', '$2y$10$OzNilNSC4c7phHzUzl.4xesXXS3MkJSTQZyhkILrpD0FR03zY4OCa', 'Musholla Al Iman', '62895383303262', NULL, 29, 1, NULL, '2026-01-21 09:09:29', '2026-01-21 09:09:29'),
(31, 'MASJID/MUSHOLLAH 28', '$2y$10$HgWuJvhTHwrTaq8TGpxC5eQcxDuwEyskrkHhYnojMYPWBKx9rEH8S', 'Musholla Al Iman Bumi Kahuripan', '62895383303262', NULL, 30, 1, NULL, '2026-01-21 09:09:29', '2026-01-21 09:09:29'),
(32, 'MASJID/MUSHOLLAH 29', '$2y$10$WcCjl7QaSP6RjwIFCE0QBOl7MUjL/RV1sybUJDNBqJT0CMh2ZXNb.', 'Musholla Al Inayah', '62895383303262', NULL, 31, 1, NULL, '2026-01-21 09:09:29', '2026-01-21 09:09:29'),
(33, 'MASJID/MUSHOLLAH 30', '$2y$10$H1sY4NLs3EWWK7e8MFp8PuouRRIwHTMGemoS5oTr5O8UecquJtk8K', 'Musholla Al Makmur', '62895383303262', NULL, 32, 1, NULL, '2026-01-21 09:09:29', '2026-01-21 09:09:29'),
(34, 'MASJID/MUSHOLLAH 31', '$2y$10$fO74Yd4czRgkT1d14WFOieoys79AjkPsWHrMHLvF0PMN8l3N..Gei', 'Musholla Al Muaddabin', '62895383303262', NULL, 33, 1, NULL, '2026-01-21 09:09:29', '2026-01-21 09:09:29'),
(35, 'MASJID/MUSHOLLAH 32', '$2y$10$PGnAEdCRG2tBnri6.oEmfOm7cxEatjdL2bL64QhCDOcp1rDex6F5y', 'Musholla Al Muhajirin', '62895383303262', NULL, 34, 1, NULL, '2026-01-21 09:09:29', '2026-01-21 09:09:29'),
(36, 'MASJID/MUSHOLLAH 33', '$2y$10$5JGyMcobcmgMvhAHlOn8SugPaw7jvf8CrO2ZIa8AVWxNOz.orEJiC', 'Musholla Al Muhajirin VIH', '62895383303262', NULL, 35, 1, NULL, '2026-01-21 09:09:29', '2026-01-21 09:09:29'),
(37, 'MASJID/MUSHOLLAH 34', '$2y$10$MRWnAYeppX0XYqTvMlelkeUNcfXWrvJfuwitOlkaoFd7YcRMEE0LC', 'Musholla Al Mujahidiin', '62895383303262', NULL, 36, 1, NULL, '2026-01-21 09:09:29', '2026-01-21 09:09:29'),
(38, 'MASJID/MUSHOLLAH 35', '$2y$10$4FrZXQ6gW5AxetWNYxqtAOlaiVmYe1jDfj9mcgm7Fvn3Gp94LiEnm', 'Musholla Al Mukarromah', '62895383303262', NULL, 37, 1, NULL, '2026-01-21 09:09:29', '2026-01-21 09:09:29'),
(39, 'MASJID/MUSHOLLAH 36', '$2y$10$kXSfP14Cqagr24QBGTLzz.YE6l3GUJwTHqmay9Eoy6EfQ08FEnidK', 'Musholla Al Mukhlisin', '62895383303262', NULL, 38, 1, NULL, '2026-01-21 09:09:29', '2026-01-21 09:09:29'),
(40, 'MASJID/MUSHOLLAH 37', '$2y$10$kmcfBrREdm0SBbwFGUs8Eul84g/1iGfHoOAx..zrWN2AzZ3UpkxHS', 'Musholla Al Mukhtar', '62895383303262', NULL, 39, 1, NULL, '2026-01-21 09:09:29', '2026-01-21 09:09:29'),
(41, 'MASJID/MUSHOLLAH 38', '$2y$10$ymdbzDFlUOV/f3Ua8XyP6.kMZhbcgkQ.lM2R05/ZODb5DPaHpRRSu', 'Musholla Al Munawwaroh', '62895383303262', NULL, 40, 1, NULL, '2026-01-21 09:09:29', '2026-01-21 09:09:29'),
(42, 'MASJID/MUSHOLLAH 39', '$2y$10$ZZGMJ2Ia2YFhqlBn6K8qpehB0W5D3qsKMY1fX8L8tNKtfFgZ8JZQi', 'Musholla Al Muttaqin', '62895383303262', NULL, 41, 1, NULL, '2026-01-21 09:09:29', '2026-01-21 09:09:29'),
(43, 'MASJID/MUSHOLLAH 40', '$2y$10$g7SAXpfBIqXOr63sFF6CPeaRgchfYG6E8p34/5FCcMKDPIZCT0pxq', 'Musholla Al Muwahhiddin', '62895383303262', NULL, 42, 1, NULL, '2026-01-21 09:09:29', '2026-01-21 09:09:29'),
(44, 'MASJID/MUSHOLLAH 41', '$2y$10$q1VadbVR0xFwoGj8Zq4/JOySKFMbg5nXCAYBauqzy8F/lKUEAAXie', 'Musholla Al Wustho', '62895383303262', NULL, 43, 1, NULL, '2026-01-21 09:09:29', '2026-01-21 09:09:29'),
(45, 'MASJID/MUSHOLLAH 42', '$2y$10$fR6jiBWO1qcWm4oQB8XIEe3hMLBrsdruUbAr8L1KfdIap/YuieTAK', 'Musholla Ar Rohim', '62895383303262', NULL, 44, 1, NULL, '2026-01-21 09:09:29', '2026-01-21 09:09:29'),
(46, 'MASJID/MUSHOLLAH 43', '$2y$10$sGQkTJV7TkCQdwZLd0ng4.YyfjoID/UstQSbGIgFUnmid1in9d7kq', 'Musholla Ar Rohman', '62895383303262', NULL, 45, 1, NULL, '2026-01-21 09:09:29', '2026-01-21 09:09:29'),
(47, 'MASJID/MUSHOLLAH 44', '$2y$10$tCLyEiuUNnX7y9HNSvPSr.tZ/cBlaPcDXu/cAUOelElCNX.LXlr1G', 'Musholla Ar Rusbad', '62895383303262', NULL, 46, 1, NULL, '2026-01-21 09:09:29', '2026-01-21 09:09:29'),
(48, 'MASJID/MUSHOLLAH 45', '$2y$10$LbYoTg8Ahf0K2z8AgpOtMeCkgeveYvwyI31a89aHJ7JPWFS6NybrC', 'Musholla As Salam', '62895383303262', NULL, 47, 1, NULL, '2026-01-21 09:09:29', '2026-01-21 09:09:29'),
(49, 'MASJID/MUSHOLLAH 46', '$2y$10$03Q56sI1EyaCeeeMYHvRuetWvPpBwJIerp4ulqCNDiJiFsPU95Fza', 'Musholla As Solihun', '62895383303262', NULL, 48, 1, NULL, '2026-01-21 09:09:29', '2026-01-21 09:09:29'),
(50, 'MASJID/MUSHOLLAH 47', '$2y$10$Amz.EOAubOkruC/OgUWUCeuAJWmN1YIaRpw40HgI0Okoqf.DEXs8i', 'Musholla Ash Shiddiq', '62895383303262', NULL, 49, 1, NULL, '2026-01-21 09:09:29', '2026-01-21 09:09:29'),
(51, 'MASJID/MUSHOLLAH 48', '$2y$10$TIA3f5MU8aUiWGPvbp8ddukoI28OqnHJ8B2b/8GRHx3ghOmvQHac2', 'Musholla Asy Syakirin', '62895383303262', NULL, 50, 1, NULL, '2026-01-21 09:09:29', '2026-01-21 09:09:29'),
(52, 'MASJID/MUSHOLLAH 49', '$2y$10$lwteghjBBRzlhz7lwOaiH.awUVRqkIQx674hHcVffbzqZAegXzLUy', 'Musholla Asy Syifa', '62895383303262', NULL, 51, 1, NULL, '2026-01-21 09:09:29', '2026-01-21 09:09:29'),
(53, 'MASJID/MUSHOLLAH 50', '$2y$10$DMGXaNpJkI0f4qlBJxXpv.BD2oF5Zpy6yfEBcPVZrBrjcBlOEPr4S', 'Musholla At Taawun', '62895383303262', NULL, 52, 1, NULL, '2026-01-21 09:09:29', '2026-01-21 09:09:29'),
(54, 'MASJID/MUSHOLLAH 51', '$2y$10$vi/Uyt65ltLZcIAK2B4YC.NzCqZ1iCboeTl504tX18.g8Qn.PD6hu', 'Musholla At Taubah', '62895383303262', NULL, 53, 1, NULL, '2026-01-21 09:09:29', '2026-01-21 09:09:29'),
(55, 'MASJID/MUSHOLLAH 52', '$2y$10$svI6ZJuQ1VgW61fkLHGkyuXq/lFgCZzK1O4yBt3xd8aqWwDvwobzG', 'Musholla Az Zaytun', '62895383303262', NULL, 54, 1, NULL, '2026-01-21 09:09:29', '2026-01-21 09:09:29'),
(56, 'MASJID/MUSHOLLAH 53', '$2y$10$U.AaPRv7/x0/T/y7krb4N.UsMUSu2.ZHavpS8NlMvjaJIOUXEhO0a', 'Musholla Babussalam', '62895383303262', NULL, 55, 1, NULL, '2026-01-21 09:09:29', '2026-01-21 09:09:29'),
(57, 'MASJID/MUSHOLLAH 54', '$2y$10$blXcmOq3mc2Kx8YEuitOQuAm9RSElaNbWTTZOxCmeR3s842rqODoW', 'Musholla Baitul Muttaqin', '62895383303262', NULL, 56, 1, NULL, '2026-01-21 09:09:29', '2026-01-21 09:09:29'),
(58, 'MASJID/MUSHOLLAH 55', '$2y$10$TphO61ICmrGV4IZ1HGNZu.AXrMcESgCE/20zIr49PUHFT0LWHLcqq', 'Musholla Baiturrahman', '62895383303262', NULL, 57, 1, NULL, '2026-01-21 09:09:29', '2026-01-21 09:09:29'),
(59, 'MASJID/MUSHOLLAH 56', '$2y$10$iE1TfBJvCqS9hZXII/FKt.0T3fjggW4Ejnl/XJe5cT2ADUO1qYlOq', 'Musholla Baiturrasyid', '62895383303262', NULL, 58, 1, NULL, '2026-01-21 09:09:29', '2026-01-21 09:09:29'),
(60, 'MASJID/MUSHOLLAH 57', '$2y$10$SYTn1WQv2i0zQJTcFiYn/eoMdO/RNXqaX/PsesDQ/3G3.eLnflBoC', 'Musholla Darul Hidayah', '62895383303262', NULL, 59, 1, NULL, '2026-01-21 09:09:29', '2026-01-21 09:09:29'),
(61, 'MASJID/MUSHOLLAH 58', '$2y$10$K0yLzd5OCEThSL7OEw3Wr..z3QARmfHN/dGcrotjerKVGrKs49zBa', 'Musholla Darussalam', '62895383303262', NULL, 60, 1, NULL, '2026-01-21 09:09:29', '2026-01-21 09:09:29'),
(62, 'MASJID/MUSHOLLAH 59', '$2y$10$dhmGRHaEk.s/jojTcLfMT.i9OmBFZPVwVfyzkHT7BGb8ISjJ.YrFW', 'Musholla Daruttaqwa', '62895383303262', NULL, 61, 1, NULL, '2026-01-21 09:09:29', '2026-01-21 09:09:29'),
(63, 'MASJID/MUSHOLLAH 60', '$2y$10$uJcVYyOPCgiFLNomzwOTvenlCD77g.aUyzG3im8jaNKnQckaqhLIq', 'Musholla Nurjannah', '62895383303262', NULL, 62, 1, NULL, '2026-01-21 09:09:29', '2026-01-21 09:09:29'),
(64, 'MASJID/MUSHOLLAH 61', '$2y$10$XLcncBm2upcs2/FZzpiUm.wW.cE0AQh1VpYGN/40UsPq/PxyudKce', 'Musholla Nurul Falah', '62895383303262', NULL, 63, 1, NULL, '2026-01-21 09:09:29', '2026-01-21 09:09:29'),
(65, 'MASJID/MUSHOLLAH 62', '$2y$10$7EDsWROXZnVFuWdnDSbRt.c8.Zb9eh/840K3kTeHmX8/aaNxhzBIe', 'Musholla Nurul Hidayah', '62895383303262', NULL, 64, 1, NULL, '2026-01-21 09:09:29', '2026-01-21 09:09:29'),
(66, 'MASJID/MUSHOLLAH 63', '$2y$10$RTVbLmlXLZu2CR2jZ4qM0OKp6NBWMRX7nYPGDHaW6yTxlOwwRhaD6', 'Musholla Nurul Hidayah GAB', '62895383303262', NULL, 65, 1, NULL, '2026-01-21 09:09:29', '2026-01-21 09:09:29'),
(67, 'MASJID/MUSHOLLAH 64', '$2y$10$71oXeZ0C399TdYVSih3UJ.GKX3SGhomo.RUHh1zBOg5lLMXJ0tAlK', 'Musholla Nurul Huda', '62895383303262', NULL, 66, 1, NULL, '2026-01-21 09:09:29', '2026-01-21 09:09:29'),
(68, 'MASJID/MUSHOLLAH 65', '$2y$10$7MkLt0HJULzAxH9JbkPjwu/ypShYMNlVlPaR3Ur7j72oUrHv3Ludy', 'Musholla Nurul Ikhlas Green Swadaya', '62895383303262', NULL, 67, 1, NULL, '2026-01-21 09:09:29', '2026-01-21 09:09:29'),
(69, 'MASJID/MUSHOLLAH 66', '$2y$10$s2II0L5IUCo1qaGQTQxNxem8fXsfBpWcsqpBxIflwEhLaODHQiBfO', 'Musholla Nurul Iman', '62895383303262', NULL, 68, 1, NULL, '2026-01-21 09:09:29', '2026-01-21 09:09:29'),
(70, 'MASJID/MUSHOLLAH 67', '$2y$10$9L73Fix0P/HD6NBqKMslR.Mk5WNI9cVJnIHVFZcTmK6sq1K/Voula', 'Musholla Nurul Islam', '62895383303262', NULL, 69, 1, NULL, '2026-01-21 09:09:29', '2026-01-21 09:09:29'),
(71, 'MASJID/MUSHOLLAH 68', '$2y$10$kvacmARHi4pP4CHpLHghwe1wvim0n/3dQ75yVclV8WLFFVAdJ5DKK', 'Musholla Nurul Yaqin', '62895383303262', NULL, 70, 1, NULL, '2026-01-21 09:09:29', '2026-01-21 09:09:29'),
(72, 'MASJID/MUSHOLLAH 69', '$2y$10$izObz52365q6aB.Dao.wWemARAf.Gg6C1qwe7Aiz4Q7Go7LzZtCt2', 'Musholla Salman Al Farisi', '62895383303262', NULL, 71, 1, NULL, '2026-01-21 09:09:29', '2026-01-21 09:09:29'),
(73, 'MASJID/MUSHOLLAH 70', '$2y$10$ooLfm36ny6G2V3z44UvqYeg80cFcQ5EhFeE4P/8/dYJ8QzsBI/L0K', 'Warga Attaqwa', '62895383303262', NULL, 72, 1, NULL, '2026-01-21 09:09:29', '2026-01-21 09:09:29'),
(74, 'TAZKIAH 01', '$2y$10$tca52oiWHe8MLC/.DTuYtOj.9ZQzxYQ2AaX.EmICsDSQAn49wy5PS', 'Ponpes Attaqwa Putra', '62895383303262', NULL, 73, 1, NULL, '2026-01-21 09:09:29', '2026-01-21 09:09:29'),
(75, 'TAZKIAH 02', '$2y$10$JNrRa13nh0APSaBN4mJjiOY6W39oJRHCDKm1nHD/3FqsKQSo4AaZ6', 'SMPIT Attaqwa Pusat', '62895383303262', NULL, 74, 1, '2026-01-21 08:56:50', '2026-01-21 09:09:29', '2026-01-21 14:56:50'),
(76, 'TAZKIAH 03', '$2y$10$rzuLBAKaKU/tVYYOy6RoeO0MDxEf7d6/IO6FrOb5UUJ6X8v7FENGu', 'Institut Attaqwa KH. Noer Alie', '62895383303262', NULL, 75, 1, '2026-01-21 10:08:22', '2026-01-21 09:09:29', '2026-01-21 16:08:22'),
(77, 'TAZKIAH 04', '$2y$10$SkAE/iKneqWrbRy7T6Zgpe.x6sfPOveWOpq.7S4Y1vv9CuATInlmi', 'MIT Attaqwa Pusat', '62895383303262', NULL, 76, 1, NULL, '2026-01-21 09:09:29', '2026-01-21 09:09:29'),
(78, 'TAZKIAH 05', '$2y$10$g7D0o42Y/C.7vGiGaR8mf.DU6S4kRGi/9ZOmKdItIONPSl4kPgS1C', 'Yayasan Attaqwa Cabang Pondok Soga Tengah', '62895383303262', NULL, 77, 1, NULL, '2026-01-21 09:09:29', '2026-01-21 09:09:29'),
(79, 'TAZKIAH 06', '$2y$10$4zwBVc4z8pcQyfXRy4nwK.hMfbH6bbNBeRXR2vnr9b064yoRFA6XS', 'Yayasan Attaqwa Cabang Karang Tengah', '62895383303262', NULL, 78, 1, NULL, '2026-01-21 09:09:29', '2026-01-21 09:09:29'),
(80, 'TAZKIAH 07', '$2y$10$wn0wiBUaYZT9PXEdGtvRauSlZ6oCN7sfiIRbv4ZZHEArx9JemxWSi', 'Yayasan Attaqwa Cabang Pulo Asem', '62895383303262', NULL, 79, 1, NULL, '2026-01-21 09:09:29', '2026-01-21 09:09:29'),
(81, 'TAZKIAH 08', '$2y$10$1JXS03CYblVUteN6RjABz.gBskd88V7C1AVkvzHISUzR1LGTmtE5e', 'Yayasan Attaqwa Cabang Tanjung Air', '62895383303262', NULL, 80, 1, NULL, '2026-01-21 09:09:29', '2026-01-21 09:09:29'),
(82, 'TAZKIAH 09', '$2y$10$d0OOwcLmBzIRdRu8hllhCOnwcO/Sou91jyrmePdMdf111tzwBJfzy', 'Yayasan Attaqwa Cabang Muara Bakti', '62895383303262', NULL, 81, 1, NULL, '2026-01-21 09:09:29', '2026-01-21 09:09:29'),
(83, 'TAZKIAH 10', '$2y$10$Nf90yuhgIATVEQ6Fnb/BdOFcGl1yd8Nwdtpw8JBpFBKyoFpE4h08K', 'Yayasan Attaqwa Cabang Legoa', '62895383303262', NULL, 82, 1, NULL, '2026-01-21 09:09:29', '2026-01-21 09:09:29'),
(84, 'TAZKIAH 11', '$2y$10$szPZVTJ7rBkKmcFT6xl7nOnQiOyYO6LLZzo9AvKn/6ky/RaPxEtEq', 'Yayasan Attaqwa Cabang Tambun Sungai Angke', '62895383303262', NULL, 83, 1, NULL, '2026-01-21 09:09:29', '2026-01-21 09:09:29'),
(85, 'TAZKIAH 12', '$2y$10$/lY0phM9myz0qbYVVUlceu7l3nl2vn7Bi7b6p6SkM4NlfAwerschq', 'SDIT Attaqwa Pusat', '62895383303262', NULL, 84, 1, NULL, '2026-01-21 09:09:29', '2026-01-21 09:09:29'),
(86, 'TAZKIAH 13', '$2y$10$CsMH4tAbcGSxrWkq4gSOBOxyYx.WpsrQq7eazZy2xJ3hxClhZPBaO', 'Yayasan Attaqwa Cabang Bulak Perwira', '62895383303262', NULL, 85, 1, NULL, '2026-01-21 09:09:29', '2026-01-21 09:09:29'),
(87, 'TAZKIAH 14', '$2y$10$SjQ/pZIZ1H5EsK208LPuP.ERsMxtEEIPuWeA/nv8lRGO6GQ4meMXy', 'Yayasan Attaqwa Cabang Penggarutan', '62895383303262', NULL, 86, 1, NULL, '2026-01-21 09:09:29', '2026-01-21 09:09:29'),
(88, 'TAZKIAH 15', '$2y$10$MZakZt9bpmUCGpc7qPjVpOJpfuZ4q7HO3bRhNDVSrSVF9rNY1ANJS', 'KKRA ATTAQWA', '62895383303262', NULL, 87, 1, NULL, '2026-01-21 09:09:29', '2026-01-21 09:09:29'),
(89, 'TAZKIAH 16', '$2y$10$ur38.VKECWFFb.5qGg0CJ.VywARuL/gtlfrvTDZ4InfN/jztjokvW', 'MI ATTAQWA 29 AL MAKMUR', '62895383303262', NULL, 88, 1, NULL, '2026-01-21 09:09:29', '2026-01-21 09:09:29'),
(90, 'TAZKIAH 17', '$2y$10$7pl8FWdDqQgNKdRV2czO9.EOKedv7gx57v7i66N0Kxf/SX8mmTGem', 'Mushola Darussalam Gabus Pabrik', '62895383303262', NULL, 89, 1, NULL, '2026-01-21 09:09:29', '2026-01-21 09:09:29'),
(91, 'TAZKIAH 18', '$2y$10$4JuqInYGyyiT9FdeULc1DuHxcSJgy31Su8bHc03MJvLoZ24k8Dagm', 'IKAA', '62895383303262', NULL, 90, 1, NULL, '2026-01-21 09:09:29', '2026-01-21 09:09:29'),
(92, 'TAZKIAH 19', '$2y$10$cdGWBmtSwzyojwKvjiQL2umfbEXX54rnKkf/moQB80sl09ueYPGrG', 'MI ATTAQWA 02 AN NUR', '62895383303262', NULL, 91, 1, NULL, '2026-01-21 09:09:29', '2026-01-21 09:09:29'),
(93, 'TAZKIAH 20', '$2y$10$4/FSTVfPjEBGItLyeyS/7.XJdeS//Mln3viLlBQ0lk5yMFGfLPJiO', 'MI ATTAQWA 03 AL BARKAH', '62895383303262', NULL, 92, 1, NULL, '2026-01-21 09:09:29', '2026-01-21 09:09:29'),
(94, 'TAZKIAH 21', '$2y$10$LjyNu9605GVdPtsOgIDfS.XH5fp6gn0zamfG8XG7alEymEWW54vjO', 'MI ATTAQWA 05 NURUL FALAH', '62895383303262', NULL, 93, 1, NULL, '2026-01-21 09:09:29', '2026-01-21 09:09:29'),
(95, 'TAZKIAH 22', '$2y$10$56DawfR6gG4scnJb0UJTXOubPzBK/6Lz5Psq51OAp9oIrOQSsQiKm', 'Mushola Al Muhajirin Perum Palm Residence Gabus', '62895383303262', NULL, 94, 1, NULL, '2026-01-21 09:09:29', '2026-01-21 09:09:29'),
(96, 'TAZKIAH 23', '$2y$10$Q2XouKnimbFj8MlRD.f6seuDYW59HOKKQVUlv5XLuXqHuSUfxYmNK', 'Mushola Miftahul Khoir', '62895383303262', NULL, 95, 1, NULL, '2026-01-21 09:09:29', '2026-01-21 09:09:29'),
(97, 'TAZKIAH 24', '$2y$10$4QjUHjW6lPekUC5jGLOYLuf0o3imvNEevduiFXq/WW2DiEaEbte/S', 'SMP ATTAQWA 10', '62895383303262', NULL, 96, 1, NULL, '2026-01-21 09:09:29', '2026-01-21 09:09:29'),
(98, 'TAZKIAH 25', '$2y$10$iqpPhiBphVsP3icT0gjsyOHGzqbQNav7zqjid7/mGaiDXGwnf7jE2', 'Yayasan Attaqwa Cabang Kebalen', '62895383303262', NULL, 97, 1, NULL, '2026-01-21 09:09:29', '2026-01-21 09:09:29'),
(99, 'TAZKIAH 26', '$2y$10$KvTeo3wshvpvRkSSUrloneYpJdiL477AfmQBXqUbA05DeqNuqe57q', 'MI Attaqwa 56 Al Inayah', '62895383303262', NULL, 98, 1, NULL, '2026-01-21 09:09:29', '2026-01-21 09:09:29'),
(100, 'TAZKIAH 27', '$2y$10$JcrNWG7Sc/1OpqPheM18iuzUFVagXQPLH2JdTM0VmwRf2XKDo3qAC', 'MAJLIS TA\'LIM PAPADANG ATI CIKARANG SELATAN', '62895383303262', NULL, 99, 1, NULL, '2026-01-21 09:09:29', '2026-01-21 09:09:29'),
(131, 'opikbendahara', '$2y$10$Xcdic/8X.5WWoitzBRE.9eeQ/RvaxTP7i7RvhcgvbsC4e0CaONHeO', 'Muhammad Ainnur Rofiq Bendahara', '0895383303262', 'mainnurr@gmail.com', NULL, 1, '2026-01-26 21:37:49', '2026-01-27 03:22:30', '2026-01-27 03:37:49'),
(132, 'didinbendahara', '$2y$10$nfwyAswO44sI8YXHR8qy7uoMw0AnxBEC7qhqq3kX/3q8jd3NwcEPe', 'Didin Muhtadin', '6289636772699', 'didin@gmail.com', NULL, 1, NULL, '2026-01-27 03:24:19', NULL),
(134, 'opikcabang', '$2y$10$.mX4CcoPpTrm2hak/sx8LOzqygXPmmAcTYnQ1f6ZX./VP9Zu94FZG', 'Kantor Pusat Attaqwa Care', '62895383303262', 'mainnurr@gmail.com', 101, 1, '2026-01-26 21:36:47', '2026-01-26 21:35:38', '2026-01-27 03:36:47');

-- --------------------------------------------------------

--
-- Struktur dari tabel `auth_user_roles`
--

CREATE TABLE `auth_user_roles` (
  `user_id` int(10) UNSIGNED NOT NULL,
  `role_id` int(10) UNSIGNED NOT NULL,
  `created_at` datetime NOT NULL DEFAULT current_timestamp()
) ENGINE=InnoDB DEFAULT CHARSET=utf8mb4 COLLATE=utf8mb4_general_ci;

--
-- Dumping data untuk tabel `auth_user_roles`
--

INSERT INTO `auth_user_roles` (`user_id`, `role_id`, `created_at`) VALUES
(1, 1, '2026-01-21 04:47:05'),
(4, 3, '2026-01-21 09:09:29'),
(5, 3, '2026-01-21 09:09:29'),
(6, 3, '2026-01-21 09:09:29'),
(7, 3, '2026-01-21 09:09:29'),
(8, 3, '2026-01-21 09:09:29'),
(9, 3, '2026-01-21 09:09:29'),
(10, 3, '2026-01-21 09:09:29'),
(11, 3, '2026-01-21 09:09:29'),
(12, 3, '2026-01-21 09:09:29'),
(13, 3, '2026-01-21 09:09:29'),
(14, 3, '2026-01-21 09:09:29'),
(15, 3, '2026-01-21 09:09:29'),
(16, 3, '2026-01-21 09:09:29'),
(17, 3, '2026-01-21 09:09:29'),
(18, 3, '2026-01-21 09:09:29'),
(19, 3, '2026-01-21 09:09:29'),
(20, 3, '2026-01-21 09:09:29'),
(21, 3, '2026-01-21 09:09:29'),
(22, 3, '2026-01-21 09:09:29'),
(23, 3, '2026-01-21 09:09:29'),
(24, 3, '2026-01-21 09:09:29'),
(25, 3, '2026-01-21 09:09:29'),
(26, 3, '2026-01-21 09:09:29'),
(27, 3, '2026-01-21 09:09:29'),
(28, 3, '2026-01-21 09:09:29'),
(29, 3, '2026-01-21 09:09:29'),
(30, 3, '2026-01-21 09:09:29'),
(31, 3, '2026-01-21 09:09:29'),
(32, 3, '2026-01-21 09:09:29'),
(33, 3, '2026-01-21 09:09:29'),
(34, 3, '2026-01-21 09:09:29'),
(35, 3, '2026-01-21 09:09:29'),
(36, 3, '2026-01-21 09:09:29'),
(37, 3, '2026-01-21 09:09:29'),
(38, 3, '2026-01-21 09:09:29'),
(39, 3, '2026-01-21 09:09:29'),
(40, 3, '2026-01-21 09:09:29'),
(41, 3, '2026-01-21 09:09:29'),
(42, 3, '2026-01-21 09:09:29'),
(43, 3, '2026-01-21 09:09:29'),
(44, 3, '2026-01-21 09:09:29'),
(45, 3, '2026-01-21 09:09:29'),
(46, 3, '2026-01-21 09:09:29'),
(47, 3, '2026-01-21 09:09:29'),
(48, 3, '2026-01-21 09:09:29'),
(49, 3, '2026-01-21 09:09:29'),
(50, 3, '2026-01-21 09:09:29'),
(51, 3, '2026-01-21 09:09:29'),
(52, 3, '2026-01-21 09:09:29'),
(53, 3, '2026-01-21 09:09:29'),
(54, 3, '2026-01-21 09:09:29'),
(55, 3, '2026-01-21 09:09:29'),
(56, 3, '2026-01-21 09:09:29'),
(57, 3, '2026-01-21 09:09:29'),
(58, 3, '2026-01-21 09:09:29'),
(59, 3, '2026-01-21 09:09:29'),
(60, 3, '2026-01-21 09:09:29'),
(61, 3, '2026-01-21 09:09:29'),
(62, 3, '2026-01-21 09:09:29'),
(63, 3, '2026-01-21 09:09:29'),
(64, 3, '2026-01-21 09:09:29'),
(65, 3, '2026-01-21 09:09:29'),
(66, 3, '2026-01-21 09:09:29'),
(67, 3, '2026-01-21 09:09:29'),
(68, 3, '2026-01-21 09:09:29'),
(69, 3, '2026-01-21 09:09:29'),
(70, 3, '2026-01-21 09:09:29'),
(71, 3, '2026-01-21 09:09:29'),
(72, 3, '2026-01-21 09:09:29'),
(73, 3, '2026-01-21 09:09:29'),
(74, 3, '2026-01-21 09:09:29'),
(75, 3, '2026-01-21 09:09:29'),
(76, 3, '2026-01-21 09:09:29'),
(77, 3, '2026-01-21 09:09:29'),
(78, 3, '2026-01-21 09:09:29'),
(79, 3, '2026-01-21 09:09:29'),
(80, 3, '2026-01-21 09:09:29'),
(81, 3, '2026-01-21 09:09:29'),
(82, 3, '2026-01-21 09:09:29'),
(83, 3, '2026-01-21 09:09:29'),
(84, 3, '2026-01-21 09:09:29'),
(85, 3, '2026-01-21 09:09:29'),
(86, 3, '2026-01-21 09:09:29'),
(87, 3, '2026-01-21 09:09:29'),
(88, 3, '2026-01-21 09:09:29'),
(89, 3, '2026-01-21 09:09:29'),
(90, 3, '2026-01-21 09:09:29'),
(91, 3, '2026-01-21 09:09:29'),
(92, 3, '2026-01-21 09:09:29'),
(93, 3, '2026-01-21 09:09:29'),
(94, 3, '2026-01-21 09:09:29'),
(95, 3, '2026-01-21 09:09:29'),
(96, 3, '2026-01-21 09:09:29'),
(97, 3, '2026-01-21 09:09:29'),
(98, 3, '2026-01-21 09:09:29'),
(99, 3, '2026-01-21 09:09:29'),
(100, 3, '2026-01-21 09:09:29'),
(131, 2, '2026-01-27 03:22:30'),
(132, 2, '2026-01-27 03:24:19'),
(134, 3, '2026-01-27 03:35:38');

-- --------------------------------------------------------

--
-- Struktur dari tabel `mst_bank_accounts`
--

CREATE TABLE `mst_bank_accounts` (
  `id` int(10) UNSIGNED NOT NULL,
  `branch_id` int(10) UNSIGNED DEFAULT NULL,
  `bank_name` varchar(80) NOT NULL,
  `account_no` varchar(50) NOT NULL,
  `account_name` varchar(120) NOT NULL,
  `is_active` tinyint(1) NOT NULL DEFAULT 1,
  `created_at` datetime NOT NULL DEFAULT current_timestamp()
) ENGINE=InnoDB DEFAULT CHARSET=utf8mb4 COLLATE=utf8mb4_general_ci;

-- --------------------------------------------------------

--
-- Struktur dari tabel `mst_branches`
--

CREATE TABLE `mst_branches` (
  `id` int(10) UNSIGNED NOT NULL,
  `branch_code` varchar(30) NOT NULL,
  `branch_name` varchar(120) NOT NULL,
  `address` text DEFAULT NULL,
  `contact_wa` varchar(30) DEFAULT NULL,
  `public_token` varchar(40) DEFAULT NULL,
  `is_active` tinyint(1) NOT NULL DEFAULT 1,
  `created_at` datetime NOT NULL DEFAULT current_timestamp(),
  `updated_at` datetime DEFAULT NULL ON UPDATE current_timestamp()
) ENGINE=InnoDB DEFAULT CHARSET=utf8mb4 COLLATE=utf8mb4_general_ci;

--
-- Dumping data untuk tabel `mst_branches`
--

INSERT INTO `mst_branches` (`id`, `branch_code`, `branch_name`, `address`, `contact_wa`, `public_token`, `is_active`, `created_at`, `updated_at`) VALUES
(3, 'MS01', 'Masjid Attaqwa', NULL, '62895383303262', 'bdd2b3a3f67111f0a77a844709510b64', 1, '2026-01-21 09:02:54', '2026-01-21 09:34:42'),
(4, 'MS02', 'Masjid Ghoiru Jami An Nur', NULL, '62895383303262', 'bdd2b46bf67111f0a77a844709510b64', 1, '2026-01-21 09:02:54', '2026-01-21 09:34:42'),
(5, 'MS03', 'Masjid Jami Al Barokah', NULL, '62895383303262', 'bdd2b50ff67111f0a77a844709510b64', 1, '2026-01-21 09:02:54', '2026-01-21 09:34:42'),
(6, 'MS04', 'Masjid Jami Al Hidayah', NULL, '62895383303262', 'bdd2b5a3f67111f0a77a844709510b64', 1, '2026-01-21 09:02:54', '2026-01-21 09:34:42'),
(7, 'MS05', 'Masjid Jami Al Huda', NULL, '62895383303262', 'bdd2b631f67111f0a77a844709510b64', 1, '2026-01-21 09:02:54', '2026-01-21 09:34:42'),
(8, 'MS06', 'Masjid Jami Al Husein', NULL, '62895383303262', 'bdd2b6bcf67111f0a77a844709510b64', 1, '2026-01-21 09:02:54', '2026-01-21 09:34:42'),
(9, 'MS07', 'Masjid Jami Al Ikhlash', NULL, '62895383303262', 'bdd2b745f67111f0a77a844709510b64', 1, '2026-01-21 09:02:54', '2026-01-21 09:34:42'),
(10, 'MS08', 'Masjid Jami Al Mabrur', NULL, '62895383303262', 'bdd2b7d3f67111f0a77a844709510b64', 1, '2026-01-21 09:02:54', '2026-01-21 09:34:42'),
(11, 'MS09', 'Masjid Jami Al Madinah', NULL, '62895383303262', 'bdd2b85cf67111f0a77a844709510b64', 1, '2026-01-21 09:02:54', '2026-01-21 09:34:42'),
(12, 'MS10', 'Masjid Jami Ar Ridhwan', NULL, '62895383303262', 'bdd2b957f67111f0a77a844709510b64', 1, '2026-01-21 09:02:54', '2026-01-21 09:34:42'),
(13, 'MS11', 'Masjid Jami Ar Rohmah', NULL, '62895383303262', 'bdd2ba53f67111f0a77a844709510b64', 1, '2026-01-21 09:02:54', '2026-01-21 09:34:42'),
(14, 'MS12', 'Masjid Jami At Taufiq', NULL, '62895383303262', 'bdd2bb8ef67111f0a77a844709510b64', 1, '2026-01-21 09:02:54', '2026-01-21 09:34:42'),
(15, 'MS13', 'Masjid Jami Roudhotul Hidayah', NULL, '62895383303262', 'bdd2bc92f67111f0a77a844709510b64', 1, '2026-01-21 09:02:54', '2026-01-21 09:34:42'),
(16, 'MS14', 'Musholla Adz Dzikro', NULL, '62895383303262', 'bdd2bd69f67111f0a77a844709510b64', 1, '2026-01-21 09:02:54', '2026-01-21 09:34:42'),
(17, 'MS15', 'Musholla Al Amin', NULL, '62895383303262', 'bdd2be30f67111f0a77a844709510b64', 1, '2026-01-21 09:02:54', '2026-01-21 09:34:42'),
(18, 'MS16', 'Musholla Al Awwabin', NULL, '62895383303262', 'bdd33f3df67111f0a77a844709510b64', 1, '2026-01-21 09:02:54', '2026-01-21 09:34:42'),
(19, 'MS17', 'Musholla Al Barkah', NULL, '62895383303262', 'bdd340aaf67111f0a77a844709510b64', 1, '2026-01-21 09:02:54', '2026-01-21 09:34:42'),
(20, 'MS18', 'Musholla Al Fatih', NULL, '62895383303262', 'bdd34193f67111f0a77a844709510b64', 1, '2026-01-21 09:02:54', '2026-01-21 09:34:42'),
(21, 'MS19', 'Musholla Al Fitrah', NULL, '62895383303262', 'bdd3427ff67111f0a77a844709510b64', 1, '2026-01-21 09:02:54', '2026-01-21 09:34:42'),
(22, 'MS20', 'Musholla Al Furqon', NULL, '62895383303262', 'bdd34356f67111f0a77a844709510b64', 1, '2026-01-21 09:02:54', '2026-01-21 09:34:42'),
(23, 'MS21', 'Musholla Al Ghufron', NULL, '62895383303262', 'bdd3441bf67111f0a77a844709510b64', 1, '2026-01-21 09:02:54', '2026-01-21 09:34:42'),
(24, 'MS22', 'Musholla Al Hijrah', NULL, '62895383303262', 'bdd344b3f67111f0a77a844709510b64', 1, '2026-01-21 09:02:54', '2026-01-21 09:34:42'),
(25, 'MS23', 'Musholla Al Hikmah', NULL, '62895383303262', 'bdd34526f67111f0a77a844709510b64', 1, '2026-01-21 09:02:54', '2026-01-21 09:34:42'),
(26, 'MS24', 'Musholla Al Ihsan', NULL, '62895383303262', 'bdd34596f67111f0a77a844709510b64', 1, '2026-01-21 09:02:54', '2026-01-21 09:34:42'),
(27, 'MS25', 'Musholla Al Ikhlas VGH', NULL, '62895383303262', 'bdd34608f67111f0a77a844709510b64', 1, '2026-01-21 09:02:54', '2026-01-21 09:34:42'),
(28, 'MS26', 'Musholla Al Ikhwan', NULL, '62895383303262', 'bdd346e5f67111f0a77a844709510b64', 1, '2026-01-21 09:02:54', '2026-01-21 09:34:42'),
(29, 'MS27', 'Musholla Al Iman', NULL, '62895383303262', 'bdd347c5f67111f0a77a844709510b64', 1, '2026-01-21 09:02:54', '2026-01-21 09:34:42'),
(30, 'MS28', 'Musholla Al Iman Bumi Kahuripan', NULL, '62895383303262', 'bdd34859f67111f0a77a844709510b64', 1, '2026-01-21 09:02:54', '2026-01-21 09:34:42'),
(31, 'MS29', 'Musholla Al Inayah', NULL, '62895383303262', 'bdd348ccf67111f0a77a844709510b64', 1, '2026-01-21 09:02:54', '2026-01-21 09:34:42'),
(32, 'MS30', 'Musholla Al Makmur', NULL, '62895383303262', 'bdd3493bf67111f0a77a844709510b64', 1, '2026-01-21 09:02:54', '2026-01-21 09:34:42'),
(33, 'MS31', 'Musholla Al Muaddabin', NULL, '62895383303262', 'bdd349acf67111f0a77a844709510b64', 1, '2026-01-21 09:02:54', '2026-01-21 09:34:42'),
(34, 'MS32', 'Musholla Al Muhajirin', NULL, '62895383303262', 'bdd34a1ff67111f0a77a844709510b64', 1, '2026-01-21 09:02:54', '2026-01-21 09:34:42'),
(35, 'MS33', 'Musholla Al Muhajirin VIH', NULL, '62895383303262', 'bdd34a8df67111f0a77a844709510b64', 1, '2026-01-21 09:02:54', '2026-01-21 09:34:42'),
(36, 'MS34', 'Musholla Al Mujahidiin', NULL, '62895383303262', 'bdd34afdf67111f0a77a844709510b64', 1, '2026-01-21 09:02:54', '2026-01-21 09:34:42'),
(37, 'MS35', 'Musholla Al Mukarromah', NULL, '62895383303262', 'bdd34b6af67111f0a77a844709510b64', 1, '2026-01-21 09:02:54', '2026-01-21 09:34:42'),
(38, 'MS36', 'Musholla Al Mukhlisin', NULL, '62895383303262', 'bdd34bd8f67111f0a77a844709510b64', 1, '2026-01-21 09:02:54', '2026-01-21 09:34:42'),
(39, 'MS37', 'Musholla Al Mukhtar', NULL, '62895383303262', 'bdd34c45f67111f0a77a844709510b64', 1, '2026-01-21 09:02:54', '2026-01-21 09:34:42'),
(40, 'MS38', 'Musholla Al Munawwaroh', NULL, '62895383303262', 'bdd34cb1f67111f0a77a844709510b64', 1, '2026-01-21 09:02:54', '2026-01-21 09:34:42'),
(41, 'MS39', 'Musholla Al Muttaqin', NULL, '62895383303262', 'bdd34d1df67111f0a77a844709510b64', 1, '2026-01-21 09:02:54', '2026-01-21 09:34:42'),
(42, 'MS40', 'Musholla Al Muwahhiddin', NULL, '62895383303262', 'bdd34d8ef67111f0a77a844709510b64', 1, '2026-01-21 09:02:54', '2026-01-21 09:34:42'),
(43, 'MS41', 'Musholla Al Wustho', NULL, '62895383303262', 'bdd34dfcf67111f0a77a844709510b64', 1, '2026-01-21 09:02:54', '2026-01-21 09:34:42'),
(44, 'MS42', 'Musholla Ar Rohim', NULL, '62895383303262', 'bdd34e66f67111f0a77a844709510b64', 1, '2026-01-21 09:02:54', '2026-01-21 09:34:42'),
(45, 'MS43', 'Musholla Ar Rohman', NULL, '62895383303262', 'bdd34ed2f67111f0a77a844709510b64', 1, '2026-01-21 09:02:54', '2026-01-21 09:34:42'),
(46, 'MS44', 'Musholla Ar Rusbad', NULL, '62895383303262', 'bdd34f42f67111f0a77a844709510b64', 1, '2026-01-21 09:02:54', '2026-01-21 09:34:42'),
(47, 'MS45', 'Musholla As Salam', NULL, '62895383303262', 'bdd34fb0f67111f0a77a844709510b64', 1, '2026-01-21 09:02:54', '2026-01-21 09:34:42'),
(48, 'MS46', 'Musholla As Solihun', NULL, '62895383303262', 'bdd352b7f67111f0a77a844709510b64', 1, '2026-01-21 09:02:54', '2026-01-21 09:34:42'),
(49, 'MS47', 'Musholla Ash Shiddiq', NULL, '62895383303262', 'bdd3533cf67111f0a77a844709510b64', 1, '2026-01-21 09:02:54', '2026-01-21 09:34:42'),
(50, 'MS48', 'Musholla Asy Syakirin', NULL, '62895383303262', 'bdd353abf67111f0a77a844709510b64', 1, '2026-01-21 09:02:54', '2026-01-21 09:34:42'),
(51, 'MS49', 'Musholla Asy Syifa', NULL, '62895383303262', 'bdd3541af67111f0a77a844709510b64', 1, '2026-01-21 09:02:54', '2026-01-21 09:34:42'),
(52, 'MS50', 'Musholla At Taawun', NULL, '62895383303262', 'bdd35485f67111f0a77a844709510b64', 1, '2026-01-21 09:02:54', '2026-01-21 09:34:42'),
(53, 'MS51', 'Musholla At Taubah', NULL, '62895383303262', 'bdd354f2f67111f0a77a844709510b64', 1, '2026-01-21 09:02:54', '2026-01-21 09:34:42'),
(54, 'MS52', 'Musholla Az Zaytun', NULL, '62895383303262', 'bdd3555ef67111f0a77a844709510b64', 1, '2026-01-21 09:02:54', '2026-01-21 09:34:42'),
(55, 'MS53', 'Musholla Babussalam', NULL, '62895383303262', 'bdd355cef67111f0a77a844709510b64', 1, '2026-01-21 09:02:54', '2026-01-21 09:34:42'),
(56, 'MS54', 'Musholla Baitul Muttaqin', NULL, '62895383303262', 'bdd35638f67111f0a77a844709510b64', 1, '2026-01-21 09:02:54', '2026-01-21 09:34:42'),
(57, 'MS55', 'Musholla Baiturrahman', NULL, '62895383303262', 'bdd356a4f67111f0a77a844709510b64', 1, '2026-01-21 09:02:54', '2026-01-21 09:34:42'),
(58, 'MS56', 'Musholla Baiturrasyid', NULL, '62895383303262', 'bdd35714f67111f0a77a844709510b64', 1, '2026-01-21 09:02:54', '2026-01-21 09:34:42'),
(59, 'MS57', 'Musholla Darul Hidayah', NULL, '62895383303262', 'bdd35780f67111f0a77a844709510b64', 1, '2026-01-21 09:02:54', '2026-01-21 09:34:42'),
(60, 'MS58', 'Musholla Darussalam', NULL, '62895383303262', 'bdd357eff67111f0a77a844709510b64', 1, '2026-01-21 09:02:54', '2026-01-21 09:34:42'),
(61, 'MS59', 'Musholla Daruttaqwa', NULL, '62895383303262', 'bdd3585cf67111f0a77a844709510b64', 1, '2026-01-21 09:02:54', '2026-01-21 09:34:42'),
(62, 'MS60', 'Musholla Nurjannah', NULL, '62895383303262', 'bdd358c7f67111f0a77a844709510b64', 1, '2026-01-21 09:02:54', '2026-01-21 09:34:42'),
(63, 'MS61', 'Musholla Nurul Falah', NULL, '62895383303262', 'bdd35932f67111f0a77a844709510b64', 1, '2026-01-21 09:02:54', '2026-01-21 09:34:42'),
(64, 'MS62', 'Musholla Nurul Hidayah', NULL, '62895383303262', 'bdd3599df67111f0a77a844709510b64', 1, '2026-01-21 09:02:54', '2026-01-21 09:34:42'),
(65, 'MS63', 'Musholla Nurul Hidayah GAB', NULL, '62895383303262', 'bdd35a07f67111f0a77a844709510b64', 1, '2026-01-21 09:02:54', '2026-01-21 09:34:42'),
(66, 'MS64', 'Musholla Nurul Huda', NULL, '62895383303262', 'bdd35a74f67111f0a77a844709510b64', 1, '2026-01-21 09:02:54', '2026-01-21 09:34:42'),
(67, 'MS65', 'Musholla Nurul Ikhlas Green Swadaya', NULL, '62895383303262', 'bdd35ae0f67111f0a77a844709510b64', 1, '2026-01-21 09:02:54', '2026-01-21 09:34:42'),
(68, 'MS66', 'Musholla Nurul Iman', NULL, '62895383303262', 'bdd35b53f67111f0a77a844709510b64', 1, '2026-01-21 09:02:54', '2026-01-21 09:34:42'),
(69, 'MS67', 'Musholla Nurul Islam', NULL, '62895383303262', 'bdd35bbef67111f0a77a844709510b64', 1, '2026-01-21 09:02:54', '2026-01-21 09:34:42'),
(70, 'MS68', 'Musholla Nurul Yaqin', NULL, '62895383303262', 'bdd35c2bf67111f0a77a844709510b64', 1, '2026-01-21 09:02:54', '2026-01-21 09:34:42'),
(71, 'MS69', 'Musholla Salman Al Farisi', NULL, '62895383303262', 'bdd35c98f67111f0a77a844709510b64', 1, '2026-01-21 09:02:54', '2026-01-21 09:34:42'),
(73, 'TZ01', 'Ponpes Attaqwa Putra', NULL, '62895383303262', 'bdd35d74f67111f0a77a844709510b64', 1, '2026-01-21 09:02:54', '2026-01-21 09:34:42'),
(74, 'TZ02', 'SMPIT Attaqwa Pusat', NULL, '62895383303262', 'bdd35de1f67111f0a77a844709510b64', 1, '2026-01-21 09:02:54', '2026-01-21 09:34:42'),
(75, 'TZ03', 'Institut Attaqwa KH. Noer Alie', NULL, '62895383303262', 'bdd35e4cf67111f0a77a844709510b64', 1, '2026-01-21 09:02:54', '2026-01-21 09:34:42'),
(76, 'TZ04', 'MIT Attaqwa Pusat', NULL, '62895383303262', 'bdd35eb8f67111f0a77a844709510b64', 1, '2026-01-21 09:02:54', '2026-01-21 09:34:42'),
(77, 'TZ05', 'Yayasan Attaqwa Cabang Pondok Soga Tengah', NULL, '62895383303262', 'bdd35f25f67111f0a77a844709510b64', 1, '2026-01-21 09:02:54', '2026-01-21 09:34:42'),
(78, 'TZ06', 'Yayasan Attaqwa Cabang Karang Tengah', NULL, '62895383303262', 'bdd35f90f67111f0a77a844709510b64', 1, '2026-01-21 09:02:54', '2026-01-21 09:34:42'),
(79, 'TZ07', 'Yayasan Attaqwa Cabang Pulo Asem', NULL, '62895383303262', 'bdd35ffbf67111f0a77a844709510b64', 1, '2026-01-21 09:02:54', '2026-01-21 09:34:42'),
(80, 'TZ08', 'Yayasan Attaqwa Cabang Tanjung Air', NULL, '62895383303262', 'bdd3606af67111f0a77a844709510b64', 1, '2026-01-21 09:02:54', '2026-01-21 09:34:42'),
(81, 'TZ09', 'Yayasan Attaqwa Cabang Muara Bakti', NULL, '62895383303262', 'bdd360d5f67111f0a77a844709510b64', 1, '2026-01-21 09:02:54', '2026-01-21 09:34:42'),
(82, 'TZ10', 'Yayasan Attaqwa Cabang Legoa', NULL, '62895383303262', 'bdd3613ff67111f0a77a844709510b64', 1, '2026-01-21 09:02:54', '2026-01-21 09:34:42'),
(83, 'TZ11', 'Yayasan Attaqwa Cabang Tambun Sungai Angke', NULL, '62895383303262', 'bdd361aef67111f0a77a844709510b64', 1, '2026-01-21 09:02:54', '2026-01-21 09:34:42'),
(84, 'TZ12', 'SDIT Attaqwa Pusat', NULL, '62895383303262', 'bdd3621cf67111f0a77a844709510b64', 1, '2026-01-21 09:02:54', '2026-01-21 09:34:42'),
(85, 'TZ13', 'Yayasan Attaqwa Cabang Bulak Perwira', NULL, '62895383303262', 'bdd36289f67111f0a77a844709510b64', 1, '2026-01-21 09:02:54', '2026-01-21 09:34:42'),
(86, 'TZ14', 'Yayasan Attaqwa Cabang Penggarutan', NULL, '62895383303262', 'bdd362f7f67111f0a77a844709510b64', 1, '2026-01-21 09:02:54', '2026-01-21 09:34:42'),
(87, 'TZ15', 'KKRA ATTAQWA', NULL, '62895383303262', 'bdd36363f67111f0a77a844709510b64', 1, '2026-01-21 09:02:54', '2026-01-21 09:34:42'),
(88, 'TZ16', 'MI ATTAQWA 29 AL MAKMUR', NULL, '62895383303262', 'bdd363cff67111f0a77a844709510b64', 1, '2026-01-21 09:02:54', '2026-01-21 09:34:42'),
(89, 'TZ17', 'Mushola Darussalam Gabus Pabrik', NULL, '62895383303262', 'bdd3643bf67111f0a77a844709510b64', 1, '2026-01-21 09:02:54', '2026-01-21 09:34:42'),
(90, 'TZ18', 'IKAA', NULL, '62895383303262', 'bdd364a6f67111f0a77a844709510b64', 1, '2026-01-21 09:02:54', '2026-01-21 09:34:42'),
(91, 'TZ19', 'MI ATTAQWA 02 AN NUR', NULL, '62895383303262', 'bdd36515f67111f0a77a844709510b64', 1, '2026-01-21 09:02:54', '2026-01-21 09:34:42'),
(92, 'TZ20', 'MI ATTAQWA 03 AL BARKAH', NULL, '62895383303262', 'bdd36581f67111f0a77a844709510b64', 1, '2026-01-21 09:02:54', '2026-01-21 09:34:42'),
(93, 'TZ21', 'MI ATTAQWA 05 NURUL FALAH', NULL, '62895383303262', 'bdd365f0f67111f0a77a844709510b64', 1, '2026-01-21 09:02:54', '2026-01-21 09:34:42'),
(94, 'TZ22', 'Mushola Al Muhajirin Perum Palm Residence Gabus', NULL, '62895383303262', 'bdd3665ff67111f0a77a844709510b64', 1, '2026-01-21 09:02:54', '2026-01-21 09:34:42'),
(95, 'TZ23', 'Mushola Miftahul Khoir', NULL, '62895383303262', 'bdd366d0f67111f0a77a844709510b64', 1, '2026-01-21 09:02:54', '2026-01-21 09:34:42'),
(96, 'TZ24', 'SMP ATTAQWA 10', NULL, '62895383303262', 'bdd36749f67111f0a77a844709510b64', 1, '2026-01-21 09:02:54', '2026-01-21 09:34:42'),
(97, 'TZ25', 'Yayasan Attaqwa Cabang Kebalen', NULL, '62895383303262', 'bdd367b6f67111f0a77a844709510b64', 1, '2026-01-21 09:02:54', '2026-01-21 09:34:42'),
(98, 'TZ26', 'MI Attaqwa 56 Al Inayah', NULL, '62895383303262', 'bdd36823f67111f0a77a844709510b64', 1, '2026-01-21 09:02:54', '2026-01-21 09:34:42'),
(99, 'TZ27', 'MAJLIS TA\'LIM PAPADANG ATI CIKARANG SELATAN', NULL, '62895383303262', 'bdd36890f67111f0a77a844709510b64', 1, '2026-01-21 09:02:54', '2026-01-21 09:34:42'),
(101, 'KPAC', 'Kantor Pusat Attaqwa Care', 'Ujung Harapan', '62895383303262', 'c6afeac6efca0c9d75c3628083a997d5', 1, '2026-01-26 21:35:38', '2026-01-26 21:35:38');

-- --------------------------------------------------------

--
-- Struktur dari tabel `mst_payment_methods`
--

CREATE TABLE `mst_payment_methods` (
  `id` int(10) UNSIGNED NOT NULL,
  `code` varchar(20) NOT NULL,
  `name` varchar(80) NOT NULL,
  `is_active` tinyint(1) NOT NULL DEFAULT 1
) ENGINE=InnoDB DEFAULT CHARSET=utf8mb4 COLLATE=utf8mb4_general_ci;

--
-- Dumping data untuk tabel `mst_payment_methods`
--

INSERT INTO `mst_payment_methods` (`id`, `code`, `name`, `is_active`) VALUES
(1, 'RICE', 'Beras', 1),
(2, 'CASH', 'Tunai', 1),
(3, 'TRANSFER', 'Transfer', 1);

-- --------------------------------------------------------

--
-- Struktur dari tabel `mst_rates`
--

CREATE TABLE `mst_rates` (
  `id` int(10) UNSIGNED NOT NULL,
  `zis_type_code` varchar(20) NOT NULL,
  `is_active` tinyint(1) NOT NULL DEFAULT 1,
  `effective_from` date NOT NULL,
  `kg_per_jiwa` decimal(10,2) DEFAULT NULL,
  `harga_per_jiwa` decimal(14,2) DEFAULT NULL,
  `tarif_per_hari` decimal(14,2) DEFAULT NULL,
  `nisab_amount` decimal(14,2) DEFAULT NULL,
  `percent` decimal(5,2) DEFAULT 2.50,
  `notes` text DEFAULT NULL,
  `created_by` int(10) UNSIGNED DEFAULT NULL,
  `created_at` datetime NOT NULL DEFAULT current_timestamp()
) ENGINE=InnoDB DEFAULT CHARSET=utf8mb4 COLLATE=utf8mb4_general_ci;

--
-- Dumping data untuk tabel `mst_rates`
--

INSERT INTO `mst_rates` (`id`, `zis_type_code`, `is_active`, `effective_from`, `kg_per_jiwa`, `harga_per_jiwa`, `tarif_per_hari`, `nisab_amount`, `percent`, `notes`, `created_by`, `created_at`) VALUES
(1, 'FITRAH', 1, '2026-01-21', 2.50, 45000.00, NULL, NULL, NULL, '', 1, '2026-01-21 10:05:53'),
(2, 'FIDYAH', 1, '2026-01-21', NULL, NULL, 25000.00, NULL, NULL, '', 1, '2026-01-21 10:28:42');

-- --------------------------------------------------------

--
-- Struktur dari tabel `mst_zis_types`
--

CREATE TABLE `mst_zis_types` (
  `id` int(10) UNSIGNED NOT NULL,
  `code` varchar(20) NOT NULL,
  `name` varchar(80) NOT NULL,
  `is_active` tinyint(1) NOT NULL DEFAULT 1
) ENGINE=InnoDB DEFAULT CHARSET=utf8mb4 COLLATE=utf8mb4_general_ci;

--
-- Dumping data untuk tabel `mst_zis_types`
--

INSERT INTO `mst_zis_types` (`id`, `code`, `name`, `is_active`) VALUES
(1, 'FITRAH', 'Zakat Fitrah', 1),
(2, 'MAL', 'Zakat Mal', 1),
(3, 'FIDYAH', 'Fidyah', 1),
(4, 'INFAQ', 'Infaq', 1);

-- --------------------------------------------------------

--
-- Struktur dari tabel `notif_notifications`
--

CREATE TABLE `notif_notifications` (
  `id` int(10) UNSIGNED NOT NULL,
  `to_user_id` int(10) UNSIGNED NOT NULL,
  `title` varchar(120) NOT NULL,
  `body` text DEFAULT NULL,
  `link_url` varchar(255) DEFAULT NULL,
  `is_read` tinyint(1) NOT NULL DEFAULT 0,
  `read_at` datetime DEFAULT NULL,
  `created_at` datetime NOT NULL DEFAULT current_timestamp()
) ENGINE=InnoDB DEFAULT CHARSET=utf8mb4 COLLATE=utf8mb4_general_ci;

-- --------------------------------------------------------

--
-- Struktur dari tabel `rpt_branch_reports`
--

CREATE TABLE `rpt_branch_reports` (
  `id` int(10) UNSIGNED NOT NULL,
  `report_no` varchar(40) NOT NULL,
  `branch_id` int(10) UNSIGNED NOT NULL,
  `period_id` int(10) UNSIGNED NOT NULL,
  `status` enum('DRAFT','SENT','APPROVED','REJECTED') NOT NULL DEFAULT 'DRAFT',
  `total_money` decimal(14,2) DEFAULT NULL,
  `total_rice_kg` decimal(10,2) DEFAULT NULL,
  `generated_by` int(10) UNSIGNED NOT NULL,
  `generated_at` datetime NOT NULL DEFAULT current_timestamp(),
  `sent_at` datetime DEFAULT NULL,
  `reviewed_by` int(10) UNSIGNED DEFAULT NULL,
  `reviewed_at` datetime DEFAULT NULL,
  `review_note` text DEFAULT NULL
) ENGINE=InnoDB DEFAULT CHARSET=utf8mb4 COLLATE=utf8mb4_general_ci;

-- --------------------------------------------------------

--
-- Struktur dari tabel `rpt_branch_report_lines`
--

CREATE TABLE `rpt_branch_report_lines` (
  `id` int(10) UNSIGNED NOT NULL,
  `report_id` int(10) UNSIGNED NOT NULL,
  `submission_id` int(10) UNSIGNED NOT NULL,
  `receipt_id` int(10) UNSIGNED NOT NULL,
  `money_amount` decimal(14,2) DEFAULT NULL,
  `rice_kg` decimal(10,2) DEFAULT NULL
) ENGINE=InnoDB DEFAULT CHARSET=utf8mb4 COLLATE=utf8mb4_general_ci;

-- --------------------------------------------------------

--
-- Struktur dari tabel `rpt_periods`
--

CREATE TABLE `rpt_periods` (
  `id` int(10) UNSIGNED NOT NULL,
  `year` int(10) UNSIGNED NOT NULL,
  `month` int(10) UNSIGNED NOT NULL,
  `start_date` date NOT NULL,
  `end_date` date NOT NULL
) ENGINE=InnoDB DEFAULT CHARSET=utf8mb4 COLLATE=utf8mb4_general_ci;

--
-- Dumping data untuk tabel `rpt_periods`
--

INSERT INTO `rpt_periods` (`id`, `year`, `month`, `start_date`, `end_date`) VALUES
(1, 2026, 1, '2026-01-01', '2026-01-31'),
(2, 2026, 2, '2026-02-01', '2026-02-28'),
(3, 2026, 3, '2026-03-01', '2026-03-31'),
(4, 2026, 4, '2026-04-01', '2026-04-30'),
(5, 2026, 5, '2026-05-01', '2026-05-31'),
(6, 2026, 6, '2026-06-01', '2026-06-30'),
(7, 2026, 7, '2026-07-01', '2026-07-31'),
(8, 2026, 8, '2026-08-01', '2026-08-31'),
(9, 2026, 9, '2026-09-01', '2026-09-30'),
(10, 2026, 10, '2026-10-01', '2026-10-31'),
(11, 2026, 11, '2026-11-01', '2026-11-30'),
(12, 2026, 12, '2026-12-01', '2026-12-31');

-- --------------------------------------------------------

--
-- Struktur dari tabel `sys_assets`
--

CREATE TABLE `sys_assets` (
  `id` int(11) NOT NULL,
  `asset_key` varchar(64) NOT NULL,
  `mime_type` varchar(100) NOT NULL,
  `data` longblob NOT NULL,
  `updated_at` datetime NOT NULL DEFAULT current_timestamp() ON UPDATE current_timestamp(),
  `updated_by` int(11) DEFAULT NULL
) ENGINE=InnoDB DEFAULT CHARSET=utf8mb4 COLLATE=utf8mb4_general_ci;

--
-- Dumping data untuk tabel `sys_assets`
--


-- --------------------------------------------------------

--
-- Struktur dari tabel `sys_audit_logs`
--

CREATE TABLE `sys_audit_logs` (
  `id` int(10) UNSIGNED NOT NULL,
  `user_id` int(10) UNSIGNED DEFAULT NULL,
  `event_code` varchar(60) NOT NULL,
  `object_type` varchar(30) DEFAULT NULL,
  `object_id` int(10) UNSIGNED DEFAULT NULL,
  `ip_address` varchar(45) DEFAULT NULL,
  `user_agent` varchar(255) DEFAULT NULL,
  `meta_json` longtext DEFAULT NULL,
  `created_at` datetime NOT NULL DEFAULT current_timestamp()
) ENGINE=InnoDB DEFAULT CHARSET=utf8mb4 COLLATE=utf8mb4_general_ci;

-- --------------------------------------------------------

--
-- Struktur dari tabel `sys_pages`
--

CREATE TABLE `sys_pages` (
  `id` int(10) UNSIGNED NOT NULL,
  `page_code` varchar(50) NOT NULL,
  `title` varchar(120) NOT NULL,
  `is_published` tinyint(1) NOT NULL DEFAULT 1,
  `updated_at` datetime NOT NULL DEFAULT current_timestamp() ON UPDATE current_timestamp()
) ENGINE=InnoDB DEFAULT CHARSET=utf8mb4 COLLATE=utf8mb4_general_ci;

-- --------------------------------------------------------

--
-- Struktur dari tabel `sys_page_sections`
--

CREATE TABLE `sys_page_sections` (
  `id` int(10) UNSIGNED NOT NULL,
  `page_id` int(10) UNSIGNED NOT NULL,
  `section_code` varchar(50) NOT NULL,
  `config_json` longtext DEFAULT NULL,
  `sort_order` int(11) NOT NULL DEFAULT 0,
  `is_active` tinyint(1) NOT NULL DEFAULT 1
) ENGINE=InnoDB DEFAULT CHARSET=utf8mb4 COLLATE=utf8mb4_general_ci;

-- --------------------------------------------------------

--
-- Struktur dari tabel `sys_running_numbers`
--

CREATE TABLE `sys_running_numbers` (
  `id` int(10) UNSIGNED NOT NULL,
  `key_name` varchar(30) NOT NULL,
  `prefix` varchar(20) NOT NULL,
  `year` int(10) UNSIGNED DEFAULT NULL,
  `month` int(10) UNSIGNED DEFAULT NULL,
  `last_number` int(10) UNSIGNED NOT NULL DEFAULT 0,
  `updated_at` datetime NOT NULL DEFAULT current_timestamp() ON UPDATE current_timestamp()
) ENGINE=InnoDB DEFAULT CHARSET=utf8mb4 COLLATE=utf8mb4_general_ci;

-- --------------------------------------------------------

--
-- Struktur dari tabel `sys_settings`
--

CREATE TABLE `sys_settings` (
  `setting_key` varchar(50) NOT NULL,
  `value_text` text DEFAULT NULL,
  `value_json` longtext DEFAULT NULL,
  `updated_by` int(10) UNSIGNED DEFAULT NULL,
  `updated_at` datetime NOT NULL DEFAULT current_timestamp() ON UPDATE current_timestamp()
) ENGINE=InnoDB DEFAULT CHARSET=utf8mb4 COLLATE=utf8mb4_general_ci;

--
-- Dumping data untuk tabel `sys_settings`
--

INSERT INTO `sys_settings` (`setting_key`, `value_text`, `value_json`, `updated_by`, `updated_at`) VALUES
('accent_color', '#5b8cff', NULL, NULL, '2026-01-21 04:21:44'),
('app_logo_path', '', NULL, 1, '2026-01-27 03:00:03'),
('app_logo_ver', '1769457603', NULL, 1, '2026-01-27 03:00:03'),
('app_name', 'LAZISWAF', NULL, 1, '2026-01-27 03:00:03'),
('footer_bs_text', 'Bootstrap 5', NULL, 1, '2026-01-27 03:00:03'),
('footer_build_label', 'Built with', NULL, 1, '2026-01-27 03:00:03'),
('footer_ci_text', 'CI3', NULL, 1, '2026-01-27 03:00:03'),
('footer_left_text', '', NULL, 1, '2026-01-27 03:00:03'),
('footer_note_text', 'Terjadi Masalah Hubungi 62 895 3833 03262', NULL, 1, '2026-01-27 03:47:04'),
('landing_home', NULL, '{\"badge\":\"LAZISWAF ( Zakat  Infaq  Wakaf )\",\"hero_title\":\"ATTAQWA CARE\",\"hero_desc\":\"Pengelolaan ZISWAF yang modern, transparan, dan mudah dilacak.\",\"cta_text\":\"BAYAR ZAKAT DISINI !!!\",\"cta_url\":\"public\",\"features\":[{\"icon\":\"bi-search\",\"title\":\"Tracking Pengajuan\",\"desc\":\"Cek status tanpa login.\"},{\"icon\":\"bi-receipt\",\"title\":\"Kuitansi Publik\",\"desc\":\"Token publik + PDF + share WA.\"},{\"icon\":\"bi-file-earmark-text\",\"title\":\"Laporan Cabang\",\"desc\":\"Rekap bulanan rapi & terstruktur.\"}],\"videos\":[{\"title\":\"Panduan Pembayaran Zakat\\/Infaq\",\"youtube\":\"https:\\/\\/youtu.be\\/gSa6J58mkqY?si=atx1p_wMimvs6l3X\"},{\"title\":\"Panduan Penggunaan Aplikasi Bagi Cabang\",\"youtube\":\"https:\\/\\/youtu.be\\/VaCPctjnb8s?si=6h62vLoBNcKSeVrZ\"},{\"title\":\"Panduan Penggunaan Aplikasi Bagi Bendahara\",\"youtube\":\"https:\\/\\/youtu.be\\/jJbdJoUZUr8?si=r4uEp4YyrWBLF8hX\"}]}', 1, '2026-01-27 03:47:53'),
('landing_tagline', 'Pengelolaan ZISWAF yang modern, transparan, dan mudah dilacak.', NULL, NULL, '2026-01-21 04:21:44');

-- --------------------------------------------------------

--
-- Struktur dari tabel `trx_allocations`
--

CREATE TABLE `trx_allocations` (
  `id` int(10) UNSIGNED NOT NULL,
  `submission_id` int(10) UNSIGNED NOT NULL,
  `basis` enum('MONEY','RICE') NOT NULL DEFAULT 'MONEY',
  `total_money` decimal(14,2) DEFAULT NULL,
  `total_rice_kg` decimal(10,2) DEFAULT NULL,
  `branch_share_money` decimal(14,2) DEFAULT NULL,
  `branch_amil_money` decimal(14,2) DEFAULT NULL,
  `branch_dist_money` decimal(14,2) DEFAULT NULL,
  `center_share_money` decimal(14,2) DEFAULT NULL,
  `branch_share_rice_kg` decimal(10,2) DEFAULT NULL,
  `branch_amil_rice_kg` decimal(10,2) DEFAULT NULL,
  `branch_dist_rice_kg` decimal(10,2) DEFAULT NULL,
  `center_share_rice_kg` decimal(10,2) DEFAULT NULL,
  `created_at` datetime NOT NULL DEFAULT current_timestamp()
) ENGINE=InnoDB DEFAULT CHARSET=utf8mb4 COLLATE=utf8mb4_general_ci;

-- --------------------------------------------------------

--
-- Struktur dari tabel `trx_approval_logs`
--

CREATE TABLE `trx_approval_logs` (
  `id` int(10) UNSIGNED NOT NULL,
  `submission_id` int(10) UNSIGNED NOT NULL,
  `actor_user_id` int(10) UNSIGNED NOT NULL,
  `action` enum('APPROVE','REJECT','NEED_FIX','OVERRIDE') NOT NULL,
  `from_status` varchar(30) DEFAULT NULL,
  `to_status` varchar(30) DEFAULT NULL,
  `note` text DEFAULT NULL,
  `created_at` datetime NOT NULL DEFAULT current_timestamp()
) ENGINE=InnoDB DEFAULT CHARSET=utf8mb4 COLLATE=utf8mb4_general_ci;

-- --------------------------------------------------------

--
-- Struktur dari tabel `trx_attachments`
--

CREATE TABLE `trx_attachments` (
  `id` int(10) UNSIGNED NOT NULL,
  `submission_id` int(10) UNSIGNED NOT NULL,
  `payment_id` int(10) UNSIGNED DEFAULT NULL,
  `file_path` varchar(255) NOT NULL,
  `file_mime` varchar(80) DEFAULT NULL,
  `uploaded_by` int(10) UNSIGNED DEFAULT NULL,
  `uploaded_at` datetime NOT NULL DEFAULT current_timestamp()
) ENGINE=InnoDB DEFAULT CHARSET=utf8mb4 COLLATE=utf8mb4_general_ci;

-- --------------------------------------------------------

--
-- Struktur dari tabel `trx_payments`
--

CREATE TABLE `trx_payments` (
  `id` int(10) UNSIGNED NOT NULL,
  `submission_id` int(10) UNSIGNED NOT NULL,
  `received_at` datetime NOT NULL DEFAULT current_timestamp(),
  `received_by_user_id` int(10) UNSIGNED DEFAULT NULL,
  `method_id` int(10) UNSIGNED NOT NULL,
  `amount_money` decimal(14,2) DEFAULT NULL,
  `amount_rice_kg` decimal(10,2) DEFAULT NULL,
  `bank_account_id` int(10) UNSIGNED DEFAULT NULL,
  `transfer_ref` varchar(80) DEFAULT NULL,
  `note` text DEFAULT NULL
) ENGINE=InnoDB DEFAULT CHARSET=utf8mb4 COLLATE=utf8mb4_general_ci;

-- --------------------------------------------------------

--
-- Struktur dari tabel `trx_receipts`
--

CREATE TABLE `trx_receipts` (
  `id` int(10) UNSIGNED NOT NULL,
  `submission_id` int(10) UNSIGNED NOT NULL,
  `receipt_no` varchar(40) NOT NULL,
  `public_token` varchar(80) NOT NULL,
  `issued_at` datetime NOT NULL DEFAULT current_timestamp(),
  `issued_by_user_id` int(10) UNSIGNED DEFAULT NULL,
  `template_version` varchar(30) DEFAULT NULL,
  `template_snapshot_json` longtext DEFAULT NULL,
  `privacy_flags_json` longtext DEFAULT NULL,
  `pdf_path` varchar(255) DEFAULT NULL
) ENGINE=InnoDB DEFAULT CHARSET=utf8mb4 COLLATE=utf8mb4_general_ci;

-- --------------------------------------------------------

--
-- Struktur dari tabel `trx_submissions`
--

CREATE TABLE `trx_submissions` (
  `id` int(10) UNSIGNED NOT NULL,
  `submission_no` varchar(40) NOT NULL,
  `source` enum('PUBLIC','BRANCH','CENTER') NOT NULL DEFAULT 'PUBLIC',
  `branch_id` int(10) UNSIGNED NOT NULL,
  `zis_type_code` varchar(20) NOT NULL,
  `applicant_name` varchar(120) NOT NULL,
  `whatsapp` varchar(30) NOT NULL,
  `jiwa_count` int(10) UNSIGNED DEFAULT NULL,
  `fitrah_total_kg` decimal(10,2) DEFAULT NULL,
  `fitrah_total_money` decimal(14,2) DEFAULT NULL,
  `pay_method_id` int(10) UNSIGNED DEFAULT NULL,
  `amount_money` decimal(14,2) DEFAULT NULL,
  `fidyah_days` int(10) UNSIGNED DEFAULT NULL,
  `tarif_per_hari_snapshot` decimal(14,2) DEFAULT NULL,
  `rate_snapshot_json` longtext DEFAULT NULL,
  `status` enum('SUBMITTED','BRANCH_APPROVED','BRANCH_REJECTED','NEED_FIX','CENTER_LOCKED','EXPIRED','DELETED') NOT NULL DEFAULT 'SUBMITTED',
  `submitted_at` datetime NOT NULL DEFAULT current_timestamp(),
  `expired_at` datetime DEFAULT NULL,
  `expired_by` int(10) UNSIGNED DEFAULT NULL,
  `deleted_at` datetime DEFAULT NULL,
  `deleted_by` int(10) UNSIGNED DEFAULT NULL,
  `created_by` int(10) UNSIGNED DEFAULT NULL,
  `updated_by` int(10) UNSIGNED DEFAULT NULL,
  `created_at` datetime NOT NULL DEFAULT current_timestamp(),
  `updated_at` datetime DEFAULT NULL ON UPDATE current_timestamp()
) ENGINE=InnoDB DEFAULT CHARSET=utf8mb4 COLLATE=utf8mb4_general_ci;

-- --------------------------------------------------------

--
-- Struktur dari tabel `trx_submission_people`
--

CREATE TABLE `trx_submission_people` (
  `id` int(10) UNSIGNED NOT NULL,
  `submission_id` int(10) UNSIGNED NOT NULL,
  `seq_no` int(10) UNSIGNED NOT NULL DEFAULT 1,
  `person_name` varchar(120) NOT NULL
) ENGINE=InnoDB DEFAULT CHARSET=utf8mb4 COLLATE=utf8mb4_general_ci;

--
-- Indexes for dumped tables
--

--
-- Indeks untuk tabel `auth_roles`
--
ALTER TABLE `auth_roles`
  ADD PRIMARY KEY (`id`),
  ADD UNIQUE KEY `uq_auth_roles_code` (`code`);

--
-- Indeks untuk tabel `auth_users`
--
ALTER TABLE `auth_users`
  ADD PRIMARY KEY (`id`),
  ADD UNIQUE KEY `uq_auth_users_username` (`username`),
  ADD KEY `idx_auth_users_branch_active` (`branch_id`,`is_active`);

--
-- Indeks untuk tabel `auth_user_roles`
--
ALTER TABLE `auth_user_roles`
  ADD PRIMARY KEY (`user_id`,`role_id`),
  ADD KEY `fk_aur_role` (`role_id`);

--
-- Indeks untuk tabel `mst_bank_accounts`
--
ALTER TABLE `mst_bank_accounts`
  ADD PRIMARY KEY (`id`),
  ADD KEY `idx_bank_branch` (`branch_id`);

--
-- Indeks untuk tabel `mst_branches`
--
ALTER TABLE `mst_branches`
  ADD PRIMARY KEY (`id`),
  ADD UNIQUE KEY `uq_branch_code` (`branch_code`),
  ADD UNIQUE KEY `uq_mst_branches_public_token` (`public_token`);

--
-- Indeks untuk tabel `mst_payment_methods`
--
ALTER TABLE `mst_payment_methods`
  ADD PRIMARY KEY (`id`),
  ADD UNIQUE KEY `uq_pay_code` (`code`);

--
-- Indeks untuk tabel `mst_rates`
--
ALTER TABLE `mst_rates`
  ADD PRIMARY KEY (`id`),
  ADD KEY `idx_rates_type_effective` (`zis_type_code`,`effective_from`),
  ADD KEY `fk_rates_created_by` (`created_by`),
  ADD KEY `idx_rates_type_active_date` (`zis_type_code`,`is_active`,`effective_from`);

--
-- Indeks untuk tabel `mst_zis_types`
--
ALTER TABLE `mst_zis_types`
  ADD PRIMARY KEY (`id`),
  ADD UNIQUE KEY `uq_zis_code` (`code`);

--
-- Indeks untuk tabel `notif_notifications`
--
ALTER TABLE `notif_notifications`
  ADD PRIMARY KEY (`id`),
  ADD KEY `idx_notif_to_read_time` (`to_user_id`,`is_read`,`created_at`);

--
-- Indeks untuk tabel `rpt_branch_reports`
--
ALTER TABLE `rpt_branch_reports`
  ADD PRIMARY KEY (`id`),
  ADD UNIQUE KEY `uq_report_no` (`report_no`),
  ADD KEY `idx_report_branch_period_status` (`branch_id`,`period_id`,`status`),
  ADD KEY `fk_report_period` (`period_id`),
  ADD KEY `fk_report_gen_by` (`generated_by`),
  ADD KEY `fk_report_review_by` (`reviewed_by`);

--
-- Indeks untuk tabel `rpt_branch_report_lines`
--
ALTER TABLE `rpt_branch_report_lines`
  ADD PRIMARY KEY (`id`),
  ADD KEY `idx_report_lines_report` (`report_id`),
  ADD KEY `fk_rl_submission` (`submission_id`),
  ADD KEY `fk_rl_receipt` (`receipt_id`);

--
-- Indeks untuk tabel `rpt_periods`
--
ALTER TABLE `rpt_periods`
  ADD PRIMARY KEY (`id`),
  ADD UNIQUE KEY `uq_period_year_month` (`year`,`month`);

--
-- Indeks untuk tabel `sys_assets`
--
ALTER TABLE `sys_assets`
  ADD PRIMARY KEY (`id`),
  ADD UNIQUE KEY `uk_sys_assets_key` (`asset_key`),
  ADD KEY `idx_sys_assets_updated_by` (`updated_by`);

--
-- Indeks untuk tabel `sys_audit_logs`
--
ALTER TABLE `sys_audit_logs`
  ADD PRIMARY KEY (`id`),
  ADD KEY `idx_audit_event_time` (`event_code`,`created_at`),
  ADD KEY `idx_audit_user_time` (`user_id`,`created_at`);

--
-- Indeks untuk tabel `sys_pages`
--
ALTER TABLE `sys_pages`
  ADD PRIMARY KEY (`id`),
  ADD UNIQUE KEY `uq_page_code` (`page_code`);

--
-- Indeks untuk tabel `sys_page_sections`
--
ALTER TABLE `sys_page_sections`
  ADD PRIMARY KEY (`id`),
  ADD KEY `fk_section_page` (`page_id`);

--
-- Indeks untuk tabel `sys_running_numbers`
--
ALTER TABLE `sys_running_numbers`
  ADD PRIMARY KEY (`id`),
  ADD UNIQUE KEY `uq_running_key` (`key_name`,`year`,`month`);

--
-- Indeks untuk tabel `sys_settings`
--
ALTER TABLE `sys_settings`
  ADD PRIMARY KEY (`setting_key`),
  ADD KEY `fk_settings_user` (`updated_by`);

--
-- Indeks untuk tabel `trx_allocations`
--
ALTER TABLE `trx_allocations`
  ADD PRIMARY KEY (`id`),
  ADD UNIQUE KEY `uq_alloc_submission` (`submission_id`);

--
-- Indeks untuk tabel `trx_approval_logs`
--
ALTER TABLE `trx_approval_logs`
  ADD PRIMARY KEY (`id`),
  ADD KEY `idx_appr_submission_time` (`submission_id`,`created_at`),
  ADD KEY `fk_appr_actor` (`actor_user_id`);

--
-- Indeks untuk tabel `trx_attachments`
--
ALTER TABLE `trx_attachments`
  ADD PRIMARY KEY (`id`),
  ADD KEY `fk_att_submission` (`submission_id`),
  ADD KEY `fk_att_payment` (`payment_id`),
  ADD KEY `fk_att_user` (`uploaded_by`);

--
-- Indeks untuk tabel `trx_payments`
--
ALTER TABLE `trx_payments`
  ADD PRIMARY KEY (`id`),
  ADD KEY `idx_pay_submission` (`submission_id`),
  ADD KEY `idx_pay_received_at` (`received_at`),
  ADD KEY `fk_pay_user` (`received_by_user_id`),
  ADD KEY `fk_pay_method` (`method_id`),
  ADD KEY `fk_pay_bank` (`bank_account_id`);

--
-- Indeks untuk tabel `trx_receipts`
--
ALTER TABLE `trx_receipts`
  ADD PRIMARY KEY (`id`),
  ADD UNIQUE KEY `uq_receipt_no` (`receipt_no`),
  ADD UNIQUE KEY `uq_receipt_token` (`public_token`),
  ADD UNIQUE KEY `uq_receipt_submission` (`submission_id`),
  ADD KEY `fk_rcp_user` (`issued_by_user_id`);

--
-- Indeks untuk tabel `trx_submissions`
--
ALTER TABLE `trx_submissions`
  ADD PRIMARY KEY (`id`),
  ADD UNIQUE KEY `uq_submission_no` (`submission_no`),
  ADD KEY `idx_sub_branch_status_time` (`branch_id`,`status`,`submitted_at`),
  ADD KEY `idx_sub_wa_no` (`whatsapp`,`submission_no`),
  ADD KEY `fk_sub_pay_method` (`pay_method_id`),
  ADD KEY `fk_sub_created_by` (`created_by`),
  ADD KEY `fk_sub_updated_by` (`updated_by`),
  ADD KEY `fk_sub_expired_by` (`expired_by`),
  ADD KEY `fk_sub_deleted_by` (`deleted_by`);

--
-- Indeks untuk tabel `trx_submission_people`
--
ALTER TABLE `trx_submission_people`
  ADD PRIMARY KEY (`id`),
  ADD KEY `idx_people_submission` (`submission_id`);

--
-- AUTO_INCREMENT untuk tabel yang dibuang
--

--
-- AUTO_INCREMENT untuk tabel `auth_roles`
--
ALTER TABLE `auth_roles`
  MODIFY `id` int(10) UNSIGNED NOT NULL AUTO_INCREMENT, AUTO_INCREMENT=5;

--
-- AUTO_INCREMENT untuk tabel `auth_users`
--
ALTER TABLE `auth_users`
  MODIFY `id` int(10) UNSIGNED NOT NULL AUTO_INCREMENT, AUTO_INCREMENT=135;

--
-- AUTO_INCREMENT untuk tabel `mst_bank_accounts`
--
ALTER TABLE `mst_bank_accounts`
  MODIFY `id` int(10) UNSIGNED NOT NULL AUTO_INCREMENT;

--
-- AUTO_INCREMENT untuk tabel `mst_branches`
--
ALTER TABLE `mst_branches`
  MODIFY `id` int(10) UNSIGNED NOT NULL AUTO_INCREMENT, AUTO_INCREMENT=102;

--
-- AUTO_INCREMENT untuk tabel `mst_payment_methods`
--
ALTER TABLE `mst_payment_methods`
  MODIFY `id` int(10) UNSIGNED NOT NULL AUTO_INCREMENT, AUTO_INCREMENT=10;

--
-- AUTO_INCREMENT untuk tabel `mst_rates`
--
ALTER TABLE `mst_rates`
  MODIFY `id` int(10) UNSIGNED NOT NULL AUTO_INCREMENT, AUTO_INCREMENT=3;

--
-- AUTO_INCREMENT untuk tabel `mst_zis_types`
--
ALTER TABLE `mst_zis_types`
  MODIFY `id` int(10) UNSIGNED NOT NULL AUTO_INCREMENT, AUTO_INCREMENT=5;

--
-- AUTO_INCREMENT untuk tabel `notif_notifications`
--
ALTER TABLE `notif_notifications`
  MODIFY `id` int(10) UNSIGNED NOT NULL AUTO_INCREMENT, AUTO_INCREMENT=4;

--
-- AUTO_INCREMENT untuk tabel `rpt_branch_reports`
--
ALTER TABLE `rpt_branch_reports`
  MODIFY `id` int(10) UNSIGNED NOT NULL AUTO_INCREMENT, AUTO_INCREMENT=4;

--
-- AUTO_INCREMENT untuk tabel `rpt_branch_report_lines`
--
ALTER TABLE `rpt_branch_report_lines`
  MODIFY `id` int(10) UNSIGNED NOT NULL AUTO_INCREMENT, AUTO_INCREMENT=5;

--
-- AUTO_INCREMENT untuk tabel `rpt_periods`
--
ALTER TABLE `rpt_periods`
  MODIFY `id` int(10) UNSIGNED NOT NULL AUTO_INCREMENT, AUTO_INCREMENT=13;

--
-- AUTO_INCREMENT untuk tabel `sys_assets`
--
ALTER TABLE `sys_assets`
  MODIFY `id` int(11) NOT NULL AUTO_INCREMENT, AUTO_INCREMENT=2;

--
-- AUTO_INCREMENT untuk tabel `sys_audit_logs`
--
ALTER TABLE `sys_audit_logs`
  MODIFY `id` int(10) UNSIGNED NOT NULL AUTO_INCREMENT;

--
-- AUTO_INCREMENT untuk tabel `sys_pages`
--
ALTER TABLE `sys_pages`
  MODIFY `id` int(10) UNSIGNED NOT NULL AUTO_INCREMENT;

--
-- AUTO_INCREMENT untuk tabel `sys_page_sections`
--
ALTER TABLE `sys_page_sections`
  MODIFY `id` int(10) UNSIGNED NOT NULL AUTO_INCREMENT;

--
-- AUTO_INCREMENT untuk tabel `sys_running_numbers`
--
ALTER TABLE `sys_running_numbers`
  MODIFY `id` int(10) UNSIGNED NOT NULL AUTO_INCREMENT, AUTO_INCREMENT=4;

--
-- AUTO_INCREMENT untuk tabel `trx_allocations`
--
ALTER TABLE `trx_allocations`
  MODIFY `id` int(10) UNSIGNED NOT NULL AUTO_INCREMENT, AUTO_INCREMENT=9;

--
-- AUTO_INCREMENT untuk tabel `trx_approval_logs`
--
ALTER TABLE `trx_approval_logs`
  MODIFY `id` int(10) UNSIGNED NOT NULL AUTO_INCREMENT, AUTO_INCREMENT=9;

--
-- AUTO_INCREMENT untuk tabel `trx_attachments`
--
ALTER TABLE `trx_attachments`
  MODIFY `id` int(10) UNSIGNED NOT NULL AUTO_INCREMENT;

--
-- AUTO_INCREMENT untuk tabel `trx_payments`
--
ALTER TABLE `trx_payments`
  MODIFY `id` int(10) UNSIGNED NOT NULL AUTO_INCREMENT, AUTO_INCREMENT=9;

--
-- AUTO_INCREMENT untuk tabel `trx_receipts`
--
ALTER TABLE `trx_receipts`
  MODIFY `id` int(10) UNSIGNED NOT NULL AUTO_INCREMENT, AUTO_INCREMENT=6;

--
-- AUTO_INCREMENT untuk tabel `trx_submissions`
--
ALTER TABLE `trx_submissions`
  MODIFY `id` int(10) UNSIGNED NOT NULL AUTO_INCREMENT, AUTO_INCREMENT=7;

--
-- AUTO_INCREMENT untuk tabel `trx_submission_people`
--
ALTER TABLE `trx_submission_people`
  MODIFY `id` int(10) UNSIGNED NOT NULL AUTO_INCREMENT, AUTO_INCREMENT=5;

--
-- Ketidakleluasaan untuk tabel pelimpahan (Dumped Tables)
--

--
-- Ketidakleluasaan untuk tabel `auth_user_roles`
--
ALTER TABLE `auth_user_roles`
  ADD CONSTRAINT `fk_aur_role` FOREIGN KEY (`role_id`) REFERENCES `auth_roles` (`id`) ON DELETE CASCADE,
  ADD CONSTRAINT `fk_aur_user` FOREIGN KEY (`user_id`) REFERENCES `auth_users` (`id`) ON DELETE CASCADE;

--
-- Ketidakleluasaan untuk tabel `mst_bank_accounts`
--
ALTER TABLE `mst_bank_accounts`
  ADD CONSTRAINT `fk_bank_branch` FOREIGN KEY (`branch_id`) REFERENCES `mst_branches` (`id`) ON DELETE SET NULL;

--
-- Ketidakleluasaan untuk tabel `mst_rates`
--
ALTER TABLE `mst_rates`
  ADD CONSTRAINT `fk_rates_created_by` FOREIGN KEY (`created_by`) REFERENCES `auth_users` (`id`) ON DELETE SET NULL;

--
-- Ketidakleluasaan untuk tabel `notif_notifications`
--
ALTER TABLE `notif_notifications`
  ADD CONSTRAINT `fk_notif_user` FOREIGN KEY (`to_user_id`) REFERENCES `auth_users` (`id`) ON DELETE CASCADE;

--
-- Ketidakleluasaan untuk tabel `rpt_branch_reports`
--
ALTER TABLE `rpt_branch_reports`
  ADD CONSTRAINT `fk_report_branch` FOREIGN KEY (`branch_id`) REFERENCES `mst_branches` (`id`),
  ADD CONSTRAINT `fk_report_gen_by` FOREIGN KEY (`generated_by`) REFERENCES `auth_users` (`id`),
  ADD CONSTRAINT `fk_report_period` FOREIGN KEY (`period_id`) REFERENCES `rpt_periods` (`id`),
  ADD CONSTRAINT `fk_report_review_by` FOREIGN KEY (`reviewed_by`) REFERENCES `auth_users` (`id`) ON DELETE SET NULL;

--
-- Ketidakleluasaan untuk tabel `rpt_branch_report_lines`
--
ALTER TABLE `rpt_branch_report_lines`
  ADD CONSTRAINT `fk_rl_receipt` FOREIGN KEY (`receipt_id`) REFERENCES `trx_receipts` (`id`),
  ADD CONSTRAINT `fk_rl_report` FOREIGN KEY (`report_id`) REFERENCES `rpt_branch_reports` (`id`) ON DELETE CASCADE,
  ADD CONSTRAINT `fk_rl_submission` FOREIGN KEY (`submission_id`) REFERENCES `trx_submissions` (`id`);

--
-- Ketidakleluasaan untuk tabel `sys_audit_logs`
--
ALTER TABLE `sys_audit_logs`
  ADD CONSTRAINT `fk_audit_user` FOREIGN KEY (`user_id`) REFERENCES `auth_users` (`id`) ON DELETE SET NULL;

--
-- Ketidakleluasaan untuk tabel `sys_page_sections`
--
ALTER TABLE `sys_page_sections`
  ADD CONSTRAINT `fk_section_page` FOREIGN KEY (`page_id`) REFERENCES `sys_pages` (`id`) ON DELETE CASCADE;

--
-- Ketidakleluasaan untuk tabel `sys_settings`
--
ALTER TABLE `sys_settings`
  ADD CONSTRAINT `fk_settings_user` FOREIGN KEY (`updated_by`) REFERENCES `auth_users` (`id`) ON DELETE SET NULL;

--
-- Ketidakleluasaan untuk tabel `trx_allocations`
--
ALTER TABLE `trx_allocations`
  ADD CONSTRAINT `fk_alloc_submission` FOREIGN KEY (`submission_id`) REFERENCES `trx_submissions` (`id`) ON DELETE CASCADE;

--
-- Ketidakleluasaan untuk tabel `trx_approval_logs`
--
ALTER TABLE `trx_approval_logs`
  ADD CONSTRAINT `fk_appr_actor` FOREIGN KEY (`actor_user_id`) REFERENCES `auth_users` (`id`),
  ADD CONSTRAINT `fk_appr_submission` FOREIGN KEY (`submission_id`) REFERENCES `trx_submissions` (`id`) ON DELETE CASCADE;

--
-- Ketidakleluasaan untuk tabel `trx_attachments`
--
ALTER TABLE `trx_attachments`
  ADD CONSTRAINT `fk_att_payment` FOREIGN KEY (`payment_id`) REFERENCES `trx_payments` (`id`) ON DELETE SET NULL,
  ADD CONSTRAINT `fk_att_submission` FOREIGN KEY (`submission_id`) REFERENCES `trx_submissions` (`id`) ON DELETE CASCADE,
  ADD CONSTRAINT `fk_att_user` FOREIGN KEY (`uploaded_by`) REFERENCES `auth_users` (`id`) ON DELETE SET NULL;

--
-- Ketidakleluasaan untuk tabel `trx_payments`
--
ALTER TABLE `trx_payments`
  ADD CONSTRAINT `fk_pay_bank` FOREIGN KEY (`bank_account_id`) REFERENCES `mst_bank_accounts` (`id`) ON DELETE SET NULL,
  ADD CONSTRAINT `fk_pay_method` FOREIGN KEY (`method_id`) REFERENCES `mst_payment_methods` (`id`),
  ADD CONSTRAINT `fk_pay_submission` FOREIGN KEY (`submission_id`) REFERENCES `trx_submissions` (`id`) ON DELETE CASCADE,
  ADD CONSTRAINT `fk_pay_user` FOREIGN KEY (`received_by_user_id`) REFERENCES `auth_users` (`id`) ON DELETE SET NULL;

--
-- Ketidakleluasaan untuk tabel `trx_receipts`
--
ALTER TABLE `trx_receipts`
  ADD CONSTRAINT `fk_rcp_submission` FOREIGN KEY (`submission_id`) REFERENCES `trx_submissions` (`id`) ON DELETE CASCADE,
  ADD CONSTRAINT `fk_rcp_user` FOREIGN KEY (`issued_by_user_id`) REFERENCES `auth_users` (`id`) ON DELETE SET NULL;

--
-- Ketidakleluasaan untuk tabel `trx_submissions`
--
ALTER TABLE `trx_submissions`
  ADD CONSTRAINT `fk_sub_branch` FOREIGN KEY (`branch_id`) REFERENCES `mst_branches` (`id`),
  ADD CONSTRAINT `fk_sub_created_by` FOREIGN KEY (`created_by`) REFERENCES `auth_users` (`id`) ON DELETE SET NULL,
  ADD CONSTRAINT `fk_sub_pay_method` FOREIGN KEY (`pay_method_id`) REFERENCES `mst_payment_methods` (`id`) ON DELETE SET NULL,
  ADD CONSTRAINT `fk_sub_updated_by` FOREIGN KEY (`updated_by`) REFERENCES `auth_users` (`id`) ON DELETE SET NULL,
  ADD CONSTRAINT `fk_sub_expired_by` FOREIGN KEY (`expired_by`) REFERENCES `auth_users` (`id`) ON DELETE SET NULL,
  ADD CONSTRAINT `fk_sub_deleted_by` FOREIGN KEY (`deleted_by`) REFERENCES `auth_users` (`id`) ON DELETE SET NULL;

--
-- Ketidakleluasaan untuk tabel `trx_submission_people`
--
ALTER TABLE `trx_submission_people`
  ADD CONSTRAINT `fk_people_submission` FOREIGN KEY (`submission_id`) REFERENCES `trx_submissions` (`id`) ON DELETE CASCADE;

-- NOTE: sys_assets data removed to avoid large packet during import.
-- Upload logo again via Admin -> Setting Profil Aplikasi.
INSERT INTO `sys_assets` (`id`, `asset_key`, `mime_type`, `data`, `updated_at`, `updated_by`) VALUES
(1, 'app_logo', 'image/png', X'' , NOW(), NULL);

COMMIT;

/*!40101 SET CHARACTER_SET_CLIENT=@OLD_CHARACTER_SET_CLIENT */;
/*!40101 SET CHARACTER_SET_RESULTS=@OLD_CHARACTER_SET_RESULTS */;
/*!40101 SET COLLATION_CONNECTION=@OLD_COLLATION_CONNECTION */;
